-- phpMyAdmin SQL Dump
-- version 5.1.1
-- https://www.phpmyadmin.net/
--
-- Host: 127.0.0.1
-- Generation Time: Jun 27, 2022 at 01:07 AM
-- Server version: 10.4.22-MariaDB
-- PHP Version: 8.1.1

SET SQL_MODE = "NO_AUTO_VALUE_ON_ZERO";
START TRANSACTION;
SET time_zone = "+00:00";


/*!40101 SET @OLD_CHARACTER_SET_CLIENT=@@CHARACTER_SET_CLIENT */;
/*!40101 SET @OLD_CHARACTER_SET_RESULTS=@@CHARACTER_SET_RESULTS */;
/*!40101 SET @OLD_COLLATION_CONNECTION=@@COLLATION_CONNECTION */;
/*!40101 SET NAMES utf8mb4 */;

--
-- Database: `eapi`
--

-- --------------------------------------------------------

--
-- Table structure for table `failed_jobs`
--

CREATE TABLE `failed_jobs` (
  `id` bigint(20) UNSIGNED NOT NULL,
  `uuid` varchar(255) COLLATE utf8mb4_unicode_ci NOT NULL,
  `connection` text COLLATE utf8mb4_unicode_ci NOT NULL,
  `queue` text COLLATE utf8mb4_unicode_ci NOT NULL,
  `payload` longtext COLLATE utf8mb4_unicode_ci NOT NULL,
  `exception` longtext COLLATE utf8mb4_unicode_ci NOT NULL,
  `failed_at` timestamp NOT NULL DEFAULT current_timestamp()
) ENGINE=InnoDB DEFAULT CHARSET=utf8mb4 COLLATE=utf8mb4_unicode_ci;

-- --------------------------------------------------------

--
-- Table structure for table `migrations`
--

CREATE TABLE `migrations` (
  `id` int(10) UNSIGNED NOT NULL,
  `migration` varchar(255) COLLATE utf8mb4_unicode_ci NOT NULL,
  `batch` int(11) NOT NULL
) ENGINE=InnoDB DEFAULT CHARSET=utf8mb4 COLLATE=utf8mb4_unicode_ci;

--
-- Dumping data for table `migrations`
--

INSERT INTO `migrations` (`id`, `migration`, `batch`) VALUES
(1, '2014_10_12_000000_create_users_table', 1),
(2, '2014_10_12_100000_create_password_resets_table', 1),
(3, '2019_08_19_000000_create_failed_jobs_table', 1),
(4, '2019_12_14_000001_create_personal_access_tokens_table', 1),
(5, '2022_06_21_074022_create_products_table', 1),
(6, '2022_06_21_074120_create_reviews_table', 1),
(7, '2016_06_01_000001_create_oauth_auth_codes_table', 2),
(8, '2016_06_01_000002_create_oauth_access_tokens_table', 2),
(9, '2016_06_01_000003_create_oauth_refresh_tokens_table', 2),
(10, '2016_06_01_000004_create_oauth_clients_table', 2),
(11, '2016_06_01_000005_create_oauth_personal_access_clients_table', 2);

-- --------------------------------------------------------

--
-- Table structure for table `oauth_access_tokens`
--

CREATE TABLE `oauth_access_tokens` (
  `id` varchar(100) COLLATE utf8mb4_unicode_ci NOT NULL,
  `user_id` bigint(20) UNSIGNED DEFAULT NULL,
  `client_id` bigint(20) UNSIGNED NOT NULL,
  `name` varchar(255) COLLATE utf8mb4_unicode_ci DEFAULT NULL,
  `scopes` text COLLATE utf8mb4_unicode_ci DEFAULT NULL,
  `revoked` tinyint(1) NOT NULL,
  `created_at` timestamp NULL DEFAULT NULL,
  `updated_at` timestamp NULL DEFAULT NULL,
  `expires_at` datetime DEFAULT NULL
) ENGINE=InnoDB DEFAULT CHARSET=utf8mb4 COLLATE=utf8mb4_unicode_ci;

--
-- Dumping data for table `oauth_access_tokens`
--

INSERT INTO `oauth_access_tokens` (`id`, `user_id`, `client_id`, `name`, `scopes`, `revoked`, `created_at`, `updated_at`, `expires_at`) VALUES
('7562999a09d9416e18bb705c82686d880a81218f15aeb9fca0a4fd95e88fa42df074ced89ae29d4d', 61, 2, NULL, '[]', 0, '2022-06-23 10:36:36', '2022-06-23 10:36:36', '2023-06-23 11:36:36');

-- --------------------------------------------------------

--
-- Table structure for table `oauth_auth_codes`
--

CREATE TABLE `oauth_auth_codes` (
  `id` varchar(100) COLLATE utf8mb4_unicode_ci NOT NULL,
  `user_id` bigint(20) UNSIGNED NOT NULL,
  `client_id` bigint(20) UNSIGNED NOT NULL,
  `scopes` text COLLATE utf8mb4_unicode_ci DEFAULT NULL,
  `revoked` tinyint(1) NOT NULL,
  `expires_at` datetime DEFAULT NULL
) ENGINE=InnoDB DEFAULT CHARSET=utf8mb4 COLLATE=utf8mb4_unicode_ci;

-- --------------------------------------------------------

--
-- Table structure for table `oauth_clients`
--

CREATE TABLE `oauth_clients` (
  `id` bigint(20) UNSIGNED NOT NULL,
  `user_id` bigint(20) UNSIGNED DEFAULT NULL,
  `name` varchar(255) COLLATE utf8mb4_unicode_ci NOT NULL,
  `secret` varchar(100) COLLATE utf8mb4_unicode_ci DEFAULT NULL,
  `provider` varchar(255) COLLATE utf8mb4_unicode_ci DEFAULT NULL,
  `redirect` text COLLATE utf8mb4_unicode_ci NOT NULL,
  `personal_access_client` tinyint(1) NOT NULL,
  `password_client` tinyint(1) NOT NULL,
  `revoked` tinyint(1) NOT NULL,
  `created_at` timestamp NULL DEFAULT NULL,
  `updated_at` timestamp NULL DEFAULT NULL
) ENGINE=InnoDB DEFAULT CHARSET=utf8mb4 COLLATE=utf8mb4_unicode_ci;

--
-- Dumping data for table `oauth_clients`
--

INSERT INTO `oauth_clients` (`id`, `user_id`, `name`, `secret`, `provider`, `redirect`, `personal_access_client`, `password_client`, `revoked`, `created_at`, `updated_at`) VALUES
(1, NULL, 'Laravel Personal Access Client', 'B9wuz74mknDmmKsDP2B7BFtiqEGwZ6GIT5jV3ZgU', NULL, 'http://localhost', 1, 0, 0, '2022-06-22 10:49:44', '2022-06-22 10:49:44'),
(2, NULL, 'Laravel Password Grant Client', 'gV41gMG4fWEvScQYIl6hX2g3GTEo3qtI8gmLsSj6', 'users', 'http://localhost', 0, 1, 0, '2022-06-22 10:49:44', '2022-06-22 10:49:44');

-- --------------------------------------------------------

--
-- Table structure for table `oauth_personal_access_clients`
--

CREATE TABLE `oauth_personal_access_clients` (
  `id` bigint(20) UNSIGNED NOT NULL,
  `client_id` bigint(20) UNSIGNED NOT NULL,
  `created_at` timestamp NULL DEFAULT NULL,
  `updated_at` timestamp NULL DEFAULT NULL
) ENGINE=InnoDB DEFAULT CHARSET=utf8mb4 COLLATE=utf8mb4_unicode_ci;

--
-- Dumping data for table `oauth_personal_access_clients`
--

INSERT INTO `oauth_personal_access_clients` (`id`, `client_id`, `created_at`, `updated_at`) VALUES
(1, 1, '2022-06-22 10:49:44', '2022-06-22 10:49:44');

-- --------------------------------------------------------

--
-- Table structure for table `oauth_refresh_tokens`
--

CREATE TABLE `oauth_refresh_tokens` (
  `id` varchar(100) COLLATE utf8mb4_unicode_ci NOT NULL,
  `access_token_id` varchar(100) COLLATE utf8mb4_unicode_ci NOT NULL,
  `revoked` tinyint(1) NOT NULL,
  `expires_at` datetime DEFAULT NULL
) ENGINE=InnoDB DEFAULT CHARSET=utf8mb4 COLLATE=utf8mb4_unicode_ci;

--
-- Dumping data for table `oauth_refresh_tokens`
--

INSERT INTO `oauth_refresh_tokens` (`id`, `access_token_id`, `revoked`, `expires_at`) VALUES
('53fc6f045007b7b44ab415fdd10d7e690fcc0efa0d536a14fcc1ef120ff58d4092fb388cfa5d47f0', '7562999a09d9416e18bb705c82686d880a81218f15aeb9fca0a4fd95e88fa42df074ced89ae29d4d', 0, '2023-06-23 11:36:36');

-- --------------------------------------------------------

--
-- Table structure for table `password_resets`
--

CREATE TABLE `password_resets` (
  `email` varchar(255) COLLATE utf8mb4_unicode_ci NOT NULL,
  `token` varchar(255) COLLATE utf8mb4_unicode_ci NOT NULL,
  `created_at` timestamp NULL DEFAULT NULL
) ENGINE=InnoDB DEFAULT CHARSET=utf8mb4 COLLATE=utf8mb4_unicode_ci;

-- --------------------------------------------------------

--
-- Table structure for table `personal_access_tokens`
--

CREATE TABLE `personal_access_tokens` (
  `id` bigint(20) UNSIGNED NOT NULL,
  `tokenable_type` varchar(255) COLLATE utf8mb4_unicode_ci NOT NULL,
  `tokenable_id` bigint(20) UNSIGNED NOT NULL,
  `name` varchar(255) COLLATE utf8mb4_unicode_ci NOT NULL,
  `token` varchar(64) COLLATE utf8mb4_unicode_ci NOT NULL,
  `abilities` text COLLATE utf8mb4_unicode_ci DEFAULT NULL,
  `last_used_at` timestamp NULL DEFAULT NULL,
  `created_at` timestamp NULL DEFAULT NULL,
  `updated_at` timestamp NULL DEFAULT NULL
) ENGINE=InnoDB DEFAULT CHARSET=utf8mb4 COLLATE=utf8mb4_unicode_ci;

-- --------------------------------------------------------

--
-- Table structure for table `products`
--

CREATE TABLE `products` (
  `id` int(10) UNSIGNED NOT NULL,
  `name` varchar(255) COLLATE utf8mb4_unicode_ci NOT NULL,
  `detail` text COLLATE utf8mb4_unicode_ci NOT NULL,
  `price` int(11) NOT NULL,
  `stock` int(11) NOT NULL,
  `discount` int(11) NOT NULL,
  `user_id` int(10) UNSIGNED NOT NULL,
  `created_at` timestamp NULL DEFAULT NULL,
  `updated_at` timestamp NULL DEFAULT NULL
) ENGINE=InnoDB DEFAULT CHARSET=utf8mb4 COLLATE=utf8mb4_unicode_ci;

--
-- Dumping data for table `products`
--

INSERT INTO `products` (`id`, `name`, `detail`, `price`, `stock`, `discount`, `user_id`, `created_at`, `updated_at`) VALUES
(1, 'molestiae', 'Distinctio consequatur est magnam sit iusto eum maxime. Accusantium quo ipsa quisquam natus unde voluptatem eum. Commodi dignissimos rem magnam iste et eveniet aut.', 419, 8, 15, 15, '2022-06-22 06:02:59', '2022-06-22 06:02:59'),
(2, 'aliquam', 'Cumque nihil quisquam dolore. Veritatis laboriosam ipsa itaque et. Inventore mollitia harum et animi tenetur assumenda omnis magnam.', 328, 8, 26, 36, '2022-06-22 06:02:59', '2022-06-22 06:02:59'),
(3, 'eius', 'Eum et labore modi qui. Aliquid quo maxime ut veniam enim. Et non suscipit excepturi ea sapiente voluptatem.', 282, 9, 11, 1, '2022-06-22 06:02:59', '2022-06-22 06:02:59'),
(4, 'sapiente', 'Dolores eum dolorem qui facilis tempora. Esse quasi facilis iusto.', 126, 3, 7, 3, '2022-06-22 06:02:59', '2022-06-22 06:02:59'),
(6, 'illo', 'Minima exercitationem modi tempore magnam libero mollitia ullam. Mollitia qui earum qui rerum et sed quaerat. Rerum at cupiditate itaque dolorum doloremque culpa.', 477, 0, 28, 27, '2022-06-22 06:02:59', '2022-06-22 06:02:59'),
(7, 'sunt', 'Nesciunt neque voluptatibus possimus error consequuntur et eveniet. Autem voluptatem magni amet est. Assumenda deserunt voluptates ea.', 407, 1, 27, 1, '2022-06-22 06:02:59', '2022-06-22 06:02:59'),
(8, 'cumque', 'Modi quia quaerat asperiores quos et. Impedit tempore laborum sit sint ut iste.', 696, 0, 8, 27, '2022-06-22 06:02:59', '2022-06-22 06:02:59'),
(9, 'atque', 'Repudiandae tempora non ipsa sed. Quod ut consequatur rerum illum impedit expedita rem. Repudiandae doloribus voluptates non voluptatem aliquid sed.', 845, 9, 30, 27, '2022-06-22 06:02:59', '2022-06-22 06:02:59'),
(10, 'excepturi', 'Quos praesentium nam ut quam odit nam aliquid est. Iure fuga incidunt accusamus explicabo qui animi aliquam distinctio. Voluptas nostrum odit perferendis.', 752, 3, 29, 34, '2022-06-22 06:02:59', '2022-06-22 06:02:59'),
(11, 'tempora', 'Id ut aut voluptatem dolor sed aut neque. Dolorum porro quod non sapiente. Veritatis officiis dolores autem nesciunt. Dolorem culpa dicta perferendis tenetur placeat quod itaque.', 509, 6, 20, 3, '2022-06-22 06:02:59', '2022-06-22 06:02:59'),
(12, 'quisquam', 'Et sit nostrum illo laboriosam ut eaque optio sint. Inventore exercitationem dolorem tempore ea numquam. Non quidem in repellat.', 112, 3, 8, 27, '2022-06-22 06:02:59', '2022-06-22 06:02:59'),
(13, 'tempora', 'Itaque quae beatae ad consequatur et voluptatem. Voluptas rerum reprehenderit exercitationem reprehenderit. Laudantium dolorem ducimus eligendi omnis suscipit. Ut ut officiis qui vel.', 227, 0, 23, 12, '2022-06-22 06:02:59', '2022-06-22 06:02:59'),
(14, 'beatae', 'Praesentium dolore pariatur laudantium ut aliquid delectus veniam quidem. Assumenda odit ut repellat sint. Voluptas facilis soluta amet nemo. Blanditiis voluptatum at ut at voluptatibus odit.', 730, 5, 6, 38, '2022-06-22 06:02:59', '2022-06-22 06:02:59'),
(15, 'unde', 'Autem accusamus consequatur facere beatae non et sed. Voluptatem repellendus vero et et provident placeat.', 330, 3, 9, 19, '2022-06-22 06:02:59', '2022-06-22 06:02:59'),
(16, 'laudantium', 'Molestiae enim sunt aut est illo. Doloremque eaque nulla in rerum officia praesentium rerum. Nesciunt molestiae aut tenetur sunt aut non. Sit nemo aliquam autem at distinctio explicabo.', 282, 5, 27, 9, '2022-06-22 06:02:59', '2022-06-22 06:02:59'),
(17, 'optio', 'Ea voluptas dolor et voluptatem eum magni eos. Magnam eaque dolorum dolor dolores ipsam voluptas fugit. Et dolorem consequatur nam illum expedita. Ut quidem consequatur cum expedita. Qui et consequatur accusamus est suscipit quo et repellendus.', 640, 6, 6, 14, '2022-06-22 06:02:59', '2022-06-22 06:02:59'),
(18, 'provident', 'Corporis fugiat iste et et. Et officiis neque et quis ut sequi. Blanditiis eius quidem occaecati dolores occaecati.', 869, 2, 13, 5, '2022-06-22 06:02:59', '2022-06-22 06:02:59'),
(19, 'ducimus', 'Id facere nesciunt laudantium numquam sunt. Recusandae at quas in voluptatem dolor. Autem placeat aliquam earum voluptate asperiores. Quia non enim sed ex odio nulla.', 939, 1, 26, 25, '2022-06-22 06:02:59', '2022-06-22 06:02:59'),
(20, 'sed', 'Voluptas officia animi quaerat ex voluptatem cum. Quis animi veritatis quia ut quis. Ea sequi quia eos eum aut. Reiciendis natus dolorem quia iusto quae omnis.', 657, 7, 13, 36, '2022-06-22 06:02:59', '2022-06-22 06:02:59'),
(21, 'ipsum', 'Eaque autem tempore deleniti sit. Reiciendis qui voluptates sit est corrupti voluptatem aut ullam. Voluptatum autem sit aut.', 415, 1, 10, 28, '2022-06-22 06:02:59', '2022-06-22 06:02:59'),
(22, 'distinctio', 'Unde optio molestiae odio et. Sint hic unde quam voluptatem accusantium. Expedita et tempora repudiandae nulla illum voluptatem quas. Qui distinctio repudiandae assumenda maxime nulla.', 689, 4, 4, 40, '2022-06-22 06:02:59', '2022-06-22 06:02:59'),
(23, 'delectus', 'Magni assumenda assumenda dolorum quo veniam ut totam id. Autem aliquid voluptate autem quidem.', 372, 8, 8, 8, '2022-06-22 06:02:59', '2022-06-22 06:02:59'),
(24, 'error', 'Qui earum modi rerum eum pariatur minima. Et est nihil veniam et eum. Aut impedit aperiam ullam suscipit molestiae ad dolor. Libero mollitia ut aliquid et.', 157, 8, 20, 12, '2022-06-22 06:02:59', '2022-06-22 06:02:59'),
(25, 'est', 'Non eum et dignissimos tempore eum et. Aut pariatur voluptatem unde nesciunt labore aut dicta officia. Fuga voluptate cum aut quae vel.', 964, 0, 7, 38, '2022-06-22 06:02:59', '2022-06-22 06:02:59'),
(26, 'et', 'Dolor soluta ut ipsam ullam. Occaecati dolor ex facilis voluptatem voluptate. Et quis incidunt laborum recusandae qui architecto. Alias rerum earum dolorem.', 575, 5, 2, 35, '2022-06-22 06:02:59', '2022-06-22 06:02:59'),
(27, 'omnis', 'Omnis praesentium rerum natus molestiae autem rerum. Dolores cumque et laboriosam sunt eum magni et dolores. Odio consectetur sed et et suscipit. Ipsum ipsa veniam ex a.', 806, 9, 11, 29, '2022-06-22 06:02:59', '2022-06-22 06:02:59'),
(28, 'optio', 'Quae sunt voluptatum quos ut et. Eveniet asperiores aut rerum voluptatem assumenda optio quae. Deleniti et repudiandae labore possimus. Natus autem impedit eligendi consequatur.', 625, 8, 11, 23, '2022-06-22 06:02:59', '2022-06-22 06:02:59'),
(29, 'corrupti', 'Consequatur fuga at debitis quis cupiditate in ea. Praesentium nihil error ut voluptatem quaerat ut voluptas autem. Ipsum dicta nulla ut non est fugiat quasi. Quod sequi necessitatibus minima omnis eum. Aut ut aut quia neque quaerat omnis.', 152, 9, 7, 37, '2022-06-22 06:02:59', '2022-06-22 06:02:59'),
(30, 'consequatur', 'Quod et sunt ipsum quo. Aut et odit ut inventore doloremque nihil. Suscipit ut debitis laboriosam nesciunt laborum nobis. Explicabo consequatur quod optio doloremque dolore omnis omnis laboriosam. Cupiditate iste doloribus voluptate at unde eos maxime voluptatem.', 241, 2, 12, 30, '2022-06-22 06:02:59', '2022-06-22 06:02:59'),
(31, 'doloribus', 'Possimus sapiente distinctio vel at aut similique. Repudiandae voluptas recusandae consequatur cum non vitae. Voluptatum doloribus est similique voluptas. Cupiditate voluptatem necessitatibus aut.', 525, 5, 5, 32, '2022-06-22 06:02:59', '2022-06-22 06:02:59'),
(32, 'numquam', 'Quidem blanditiis autem est soluta nesciunt et. Omnis beatae molestiae nobis soluta. Blanditiis dolor sed voluptas sint omnis illo quia. Voluptatem doloremque nam voluptas non quos perferendis. Enim commodi voluptas odit sunt eum.', 250, 8, 13, 7, '2022-06-22 06:02:59', '2022-06-22 06:02:59'),
(33, 'sit', 'Nesciunt illum ipsum accusamus dolorem. Nemo laborum sunt debitis quo. Quo est qui aut et nam qui.', 202, 6, 30, 29, '2022-06-22 06:02:59', '2022-06-22 06:02:59'),
(34, 'magnam', 'Reiciendis perspiciatis et impedit voluptates sequi asperiores. Quas voluptatum sapiente totam quas.', 841, 8, 28, 2, '2022-06-22 06:02:59', '2022-06-22 06:02:59'),
(35, 'nemo', 'Et sint dicta distinctio est est maiores omnis. Aut placeat voluptate temporibus aut consequuntur. Assumenda omnis maxime reprehenderit nihil et. Sit ut omnis praesentium est qui.', 924, 4, 13, 7, '2022-06-22 06:02:59', '2022-06-22 06:02:59'),
(36, 'unde', 'Maiores quia eum amet sed dolorem recusandae et. Tempora quis eum mollitia voluptate. Officiis qui eligendi ut cum maxime non. Nam ipsa adipisci animi ut explicabo consequuntur inventore rerum.', 755, 3, 30, 28, '2022-06-22 06:02:59', '2022-06-22 06:02:59'),
(37, 'odit', 'Voluptas illo molestiae sunt provident ducimus cumque quia consequuntur. Nihil laboriosam atque quam ut repellendus repudiandae. Culpa ut laboriosam fugiat voluptatem autem omnis enim. Aspernatur repellendus alias veritatis iure qui deleniti aut.', 723, 3, 19, 9, '2022-06-22 06:02:59', '2022-06-22 06:02:59'),
(38, 'natus', 'Minus laboriosam dicta quae. Ex quasi provident porro non est sint impedit. Porro tempore ut possimus. Asperiores quo debitis expedita. Accusamus sit minus placeat rem.', 466, 9, 7, 22, '2022-06-22 06:02:59', '2022-06-22 06:02:59'),
(39, 'sed', 'Ut esse illum pariatur quia. Enim ex deserunt vel a sed. Ut earum aspernatur nesciunt eligendi voluptas blanditiis. Consequatur dolore dolor consequatur placeat. Rerum consequatur est aut sit.', 555, 5, 26, 4, '2022-06-22 06:02:59', '2022-06-22 06:02:59'),
(40, 'vel', 'Ab beatae qui perferendis ipsum et debitis ad. Consectetur illum rem ratione enim. Non autem ducimus eligendi ullam aut illum placeat dolorum.', 486, 1, 16, 10, '2022-06-22 06:02:59', '2022-06-22 06:02:59'),
(41, 'impedit', 'Quis nulla rerum qui sint hic nobis quam. Impedit recusandae quasi ab qui voluptatem unde. Iure officia distinctio et voluptatem ratione. Ut porro incidunt cupiditate et.', 809, 1, 9, 6, '2022-06-22 06:02:59', '2022-06-22 06:02:59'),
(42, 'blanditiis', 'Quisquam consequatur consectetur dolorem atque magni officia. Blanditiis quia et totam. Excepturi dolorem sapiente repellendus harum voluptatibus illum harum similique. Molestiae ad necessitatibus fugiat et ut nam.', 280, 1, 25, 29, '2022-06-22 06:02:59', '2022-06-22 06:02:59'),
(43, 'laudantium', 'Ut iure nobis dolorem pariatur eos fuga. Vel omnis illum molestiae quo nihil. Tenetur aperiam sed voluptatem.', 374, 0, 27, 26, '2022-06-22 06:02:59', '2022-06-22 06:02:59'),
(44, 'temporibus', 'Non nihil cupiditate accusamus dolor. Nostrum vel labore voluptatem. Sit aut et minima nobis fuga architecto. Iure et culpa ut laborum commodi quia.', 466, 0, 18, 22, '2022-06-22 06:02:59', '2022-06-22 06:02:59'),
(45, 'rem', 'Et in eaque voluptatem in alias quas odit. Voluptatum deleniti a eaque repudiandae quis assumenda. Et aut aut mollitia facere accusamus qui in. Laudantium ab consequatur quaerat qui in.', 884, 4, 19, 6, '2022-06-22 06:02:59', '2022-06-22 06:02:59'),
(46, 'est', 'Sit asperiores veniam autem. Architecto deserunt cumque ut eaque ipsam cumque voluptates. Vitae rerum excepturi officiis placeat vel autem architecto. Rem explicabo illum dolorem.', 259, 4, 24, 1, '2022-06-22 06:02:59', '2022-06-22 06:02:59'),
(47, 'ratione', 'Repellendus sunt nihil ut suscipit placeat laboriosam. Quaerat nihil exercitationem rerum ab accusamus. Vero consequatur eum libero et et. Quaerat inventore suscipit fugiat in id enim libero.', 342, 6, 4, 4, '2022-06-22 06:02:59', '2022-06-22 06:02:59'),
(48, 'facilis', 'Porro consequatur facere vel dolor excepturi. Perspiciatis sed eos voluptas nobis. Aut ducimus nostrum non rerum.', 113, 8, 12, 36, '2022-06-22 06:02:59', '2022-06-22 06:02:59'),
(49, 'quis', 'In voluptas aut ipsam. Ut quia et veniam ut. Debitis ab atque molestiae facilis repellat qui.', 205, 2, 6, 14, '2022-06-22 06:02:59', '2022-06-22 06:02:59'),
(50, 'repudiandae', 'Unde nihil molestiae rerum omnis. Sunt distinctio accusamus veniam eum expedita molestiae ut. Recusandae magnam tenetur delectus quod. Et consectetur eligendi explicabo a eligendi sit.', 840, 1, 17, 25, '2022-06-22 06:02:59', '2022-06-22 06:02:59'),
(51, 'eos', 'Occaecati eum id vel necessitatibus. Quisquam fugit vel eligendi rerum et corrupti. Tempora dolores vero aliquid voluptatem voluptas quos amet.', 479, 3, 26, 16, '2022-06-22 06:04:18', '2022-06-22 06:04:18'),
(52, 'voluptatum', 'Aliquam voluptatem quo magnam harum repellendus quae illo ut. Vitae quo nemo quos perspiciatis. At quia incidunt possimus perspiciatis optio incidunt ipsam veniam.', 233, 7, 4, 44, '2022-06-22 06:04:18', '2022-06-22 06:04:18'),
(53, 'quaerat', 'Eos possimus in et cum. Quisquam vel assumenda error facere non aliquid. Veniam sunt dolor exercitationem incidunt beatae placeat. Consequuntur natus et et et placeat.', 551, 8, 24, 20, '2022-06-22 06:04:18', '2022-06-22 06:04:18'),
(54, 'necessitatibus', 'Sit ut et et nostrum rerum in. Dolores sit voluptas dolore totam exercitationem aut. Dolores aut dolor nostrum illo ducimus. Dolorum et eos molestias dicta.', 635, 4, 4, 16, '2022-06-22 06:04:18', '2022-06-22 06:04:18'),
(55, 'quo', 'Autem aut sed impedit molestiae. Vitae omnis sequi soluta nihil distinctio. Ut quis doloremque illum quibusdam laborum voluptatem. Sunt non consequatur optio ut dignissimos magni.', 381, 9, 20, 12, '2022-06-22 06:04:18', '2022-06-22 06:04:18'),
(56, 'quas', 'Laboriosam eos qui dolores explicabo mollitia nobis et. Perferendis vel earum aut omnis voluptatem error porro. Est est possimus quisquam error consequatur vel. Sed vel sed at aperiam voluptatum repellat.', 684, 2, 30, 16, '2022-06-22 06:04:18', '2022-06-22 06:04:18'),
(57, 'quos', 'Laboriosam et odit explicabo recusandae. Voluptatem sit est voluptas aut animi. Impedit fugit facilis ut ut. Quia saepe enim in eos veniam et ea odio.', 726, 7, 17, 20, '2022-06-22 06:04:18', '2022-06-22 06:04:18'),
(58, 'corrupti', 'Voluptas similique hic quidem. Dolorem iusto deleniti numquam id et officia. Enim enim molestiae sint ut. Dolor sed similique ad corrupti at rerum.', 612, 8, 3, 2, '2022-06-22 06:04:18', '2022-06-22 06:04:18'),
(59, 'voluptate', 'Voluptatem facere tempora tempora repudiandae. Eum soluta sed beatae dolor quasi. Sed eum voluptatem atque aspernatur soluta.', 353, 4, 10, 38, '2022-06-22 06:04:18', '2022-06-22 06:04:18'),
(60, 'reiciendis', 'Voluptates sed mollitia quam sunt reiciendis sit. Ea quo adipisci voluptas cum voluptatum quaerat vel. Rerum sint illum dolorem ipsum. Quidem ea libero earum.', 649, 6, 14, 11, '2022-06-22 06:04:18', '2022-06-22 06:04:18'),
(61, 'illum', 'Reprehenderit molestias maiores quisquam. Voluptatem explicabo vero blanditiis aspernatur harum reiciendis beatae. Nihil maxime sequi iure itaque. Est autem inventore ex omnis et at.', 103, 5, 11, 2, '2022-06-22 06:04:18', '2022-06-22 06:04:18'),
(62, 'eius', 'Voluptatem et est dolor ad et facilis. Ut saepe aspernatur voluptas omnis. Aut doloribus quisquam ut.', 562, 8, 8, 40, '2022-06-22 06:04:18', '2022-06-22 06:04:18'),
(63, 'reiciendis', 'Aut est sapiente sit illo. Rerum est eum et pariatur ea quod. Illo nam explicabo qui vero. Reprehenderit suscipit velit aut quia mollitia similique distinctio reiciendis.', 759, 1, 18, 39, '2022-06-22 06:04:18', '2022-06-22 06:04:18'),
(64, 'ducimus', 'Ut similique et dolorem et quis officiis earum. Nemo quia ea commodi qui natus reiciendis enim. Consectetur perferendis necessitatibus facere. Suscipit consequatur at officia aut.', 994, 2, 8, 27, '2022-06-22 06:04:18', '2022-06-22 06:04:18'),
(65, 'quasi', 'Deserunt ut nostrum ut aliquid. Vel sed saepe omnis qui. Aliquam omnis sapiente velit error culpa exercitationem.', 103, 9, 8, 28, '2022-06-22 06:04:18', '2022-06-22 06:04:18'),
(66, 'soluta', 'Quia minima dignissimos est ipsum commodi vel ipsam. Dolore inventore ut nemo aut ipsam. Dicta officia libero fugit aut.', 809, 9, 21, 36, '2022-06-22 06:04:18', '2022-06-22 06:04:18'),
(67, 'quis', 'Eum omnis adipisci architecto ipsam et eius. Ut labore sunt corrupti dolor molestiae enim. Ipsa ut nihil voluptatum voluptates nostrum. A sunt magnam fuga praesentium.', 717, 7, 29, 13, '2022-06-22 06:04:18', '2022-06-22 06:04:18'),
(68, 'ad', 'Ex qui accusamus qui dicta temporibus. Iste velit omnis dolores aliquam.', 402, 4, 29, 34, '2022-06-22 06:04:18', '2022-06-22 06:04:18'),
(69, 'iusto', 'Praesentium sint qui non et nihil. Et rem fuga veritatis tempora. Delectus optio odio veritatis id iure quis voluptate recusandae. Autem ut quis voluptatem consequuntur ut.', 809, 4, 16, 45, '2022-06-22 06:04:18', '2022-06-22 06:04:18'),
(70, 'eos', 'A vel ut laudantium velit cupiditate facilis. Est illum eum ea sit quia minima.', 425, 2, 26, 22, '2022-06-22 06:04:18', '2022-06-22 06:04:18'),
(71, 'voluptatum', 'Eius in voluptas in. Voluptatem vitae animi voluptas qui corporis ratione. Veritatis nemo praesentium perferendis et quia recusandae ullam laudantium.', 372, 7, 29, 11, '2022-06-22 06:04:18', '2022-06-22 06:04:18'),
(72, 'et', 'Soluta labore aspernatur ipsa debitis aut. Aut totam pariatur ea qui. Porro esse libero id porro sed aut ut eos. Et itaque ut blanditiis aut atque.', 807, 6, 9, 24, '2022-06-22 06:04:18', '2022-06-22 06:04:18'),
(73, 'nobis', 'Deleniti sunt a omnis quo est non molestiae animi. Dolor autem possimus exercitationem totam aliquid est. Distinctio dicta non aut reprehenderit voluptatem cumque.', 839, 6, 7, 29, '2022-06-22 06:04:18', '2022-06-22 06:04:18'),
(74, 'ut', 'Vel esse quia omnis voluptatem. Consectetur consequuntur et magni repellendus quaerat est in labore. Excepturi dolorum aut odio autem sed hic et. Ea reiciendis optio qui exercitationem. Porro magni nostrum autem amet sint voluptas.', 777, 1, 7, 4, '2022-06-22 06:04:18', '2022-06-22 06:04:18'),
(75, 'quia', 'Qui ut soluta voluptatum dolor. Tempore error mollitia animi ut maiores ex aut. Sit iste aliquam ut eos illo. Vitae fugit quas commodi ex ipsum.', 423, 3, 25, 17, '2022-06-22 06:04:18', '2022-06-22 06:04:18'),
(76, 'porro', 'Beatae aperiam rerum suscipit sunt. Autem error aliquam rerum.', 689, 7, 10, 28, '2022-06-22 06:04:18', '2022-06-22 06:04:18'),
(77, 'porro', 'Sed praesentium omnis amet dolorem. Deleniti sit fugit cum qui.', 823, 3, 16, 40, '2022-06-22 06:04:18', '2022-06-22 06:04:18'),
(78, 'quidem', 'Molestias dicta et id perferendis corrupti eaque laudantium maiores. Dolorem ullam voluptas in fugit impedit. Asperiores ex illo nulla molestias ipsum est. Facere voluptatem amet aut officiis.', 760, 8, 24, 44, '2022-06-22 06:04:18', '2022-06-22 06:04:18'),
(79, 'vel', 'Nostrum et commodi non ut itaque eligendi. Impedit et omnis ullam quidem. Modi saepe sit libero facilis est fugiat id. Voluptate tenetur molestias quae qui.', 265, 6, 5, 48, '2022-06-22 06:04:18', '2022-06-22 06:04:18'),
(80, 'ducimus', 'Occaecati est accusamus velit ea modi corporis voluptatum quibusdam. Eos quidem dolor cumque consequatur. Qui sit deleniti a pariatur excepturi.', 265, 0, 8, 45, '2022-06-22 06:04:18', '2022-06-22 06:04:18'),
(81, 'quos', 'Rerum quas modi voluptatibus perspiciatis. Maiores perferendis rem ut incidunt. In dolores dolorem aut ab tenetur voluptatem. Quibusdam eligendi quae praesentium dolores est.', 287, 2, 2, 21, '2022-06-22 06:04:18', '2022-06-22 06:04:18'),
(82, 'quam', 'Et qui ut ipsam et sit explicabo. Occaecati assumenda doloribus minus et nostrum omnis omnis. Voluptate repudiandae temporibus consequatur qui sit voluptatem est. Minus nesciunt voluptate enim dolore.', 566, 8, 24, 40, '2022-06-22 06:04:18', '2022-06-22 06:04:18'),
(83, 'quas', 'Aperiam voluptates iure porro eum. Ullam quia sapiente id labore facere sint repudiandae. Quos id enim vel eius sint. Optio sint mollitia iusto aut qui exercitationem quos dolorem.', 782, 2, 6, 27, '2022-06-22 06:04:18', '2022-06-22 06:04:18'),
(84, 'quos', 'Numquam dignissimos harum officia voluptates voluptate eum et numquam. Similique eum est dolorem esse et aut labore. Doloremque eligendi alias sit. Blanditiis sed nisi quis reiciendis amet architecto nobis.', 129, 5, 29, 12, '2022-06-22 06:04:18', '2022-06-22 06:04:18'),
(85, 'quos', 'In dolores velit ipsa. Minus reprehenderit molestias et non quod. Suscipit aut qui sit distinctio non tempora.', 188, 2, 18, 25, '2022-06-22 06:04:18', '2022-06-22 06:04:18'),
(86, 'expedita', 'Illum ut ab reiciendis. Qui vitae earum ut ad nesciunt. Eos laboriosam non iste.', 591, 2, 28, 39, '2022-06-22 06:04:18', '2022-06-22 06:04:18'),
(87, 'ut', 'Et quia iste sunt necessitatibus nihil harum. Consequuntur sunt autem sapiente aspernatur exercitationem aut voluptatibus. Sit voluptates quia doloremque maxime totam voluptatem. Magni et maxime et expedita est.', 197, 0, 27, 15, '2022-06-22 06:04:18', '2022-06-22 06:04:18'),
(88, 'eveniet', 'Commodi non quia pariatur aut. Qui id enim cupiditate. Harum quis unde blanditiis eos quia.', 168, 4, 29, 25, '2022-06-22 06:04:18', '2022-06-22 06:04:18'),
(89, 'quaerat', 'Molestiae dolorum cum impedit. Architecto totam qui facilis nobis. Adipisci autem ipsum dolor a adipisci. Quia nihil cupiditate iste exercitationem expedita aperiam.', 678, 8, 7, 5, '2022-06-22 06:04:18', '2022-06-22 06:04:18'),
(90, 'quae', 'Enim nemo cum soluta. Adipisci iusto qui sit perspiciatis aut placeat totam. At enim sunt debitis sunt quaerat illum.', 697, 4, 26, 24, '2022-06-22 06:04:18', '2022-06-22 06:04:18'),
(91, 'tenetur', 'Perferendis molestiae id et. Dolorem quisquam accusantium error aperiam voluptatem velit velit maiores. Quibusdam inventore autem asperiores velit et accusantium ea.', 676, 7, 24, 13, '2022-06-22 06:04:18', '2022-06-22 06:04:18'),
(92, 'vel', 'Temporibus sequi aut aut inventore sunt omnis. Nemo in nam voluptate sint rem saepe quasi. Possimus quisquam exercitationem iure et.', 773, 9, 18, 21, '2022-06-22 06:04:18', '2022-06-22 06:04:18'),
(93, 'dolores', 'Quidem distinctio et rerum possimus. Enim id omnis iste. Aspernatur maxime voluptas impedit tenetur dolorum qui. Nihil qui distinctio quos saepe omnis porro.', 754, 5, 18, 28, '2022-06-22 06:04:18', '2022-06-22 06:04:18'),
(94, 'ad', 'Eum ipsam facilis iure vel impedit quia. Ut reprehenderit culpa facilis veritatis ad. Est non est sit ut.', 909, 0, 9, 25, '2022-06-22 06:04:18', '2022-06-22 06:04:18'),
(95, 'dignissimos', 'Dolorem quisquam harum tenetur qui ex et. Fugit a et dolorem qui. Praesentium velit a molestiae. Rerum necessitatibus deserunt voluptate ducimus. Animi ipsa expedita sed at commodi.', 629, 4, 9, 6, '2022-06-22 06:04:18', '2022-06-22 06:04:18'),
(96, 'libero', 'Deleniti deserunt est tempore exercitationem. Veniam in a alias officiis officiis atque aperiam. Dolor voluptas culpa totam nisi maiores debitis. Quae consequatur eligendi ut voluptatibus.', 156, 4, 17, 50, '2022-06-22 06:04:18', '2022-06-22 06:04:18'),
(97, 'animi', 'Harum explicabo tenetur quisquam id. Ex harum aut assumenda. Aut voluptatibus consequatur quibusdam.', 102, 8, 16, 14, '2022-06-22 06:04:18', '2022-06-22 06:04:18'),
(98, 'hic', 'Veritatis quibusdam dolorum dolores rerum. Sed omnis est est aut autem autem odio. Repellat pariatur cupiditate veniam non temporibus. Veniam quis reprehenderit perferendis nihil eos.', 772, 1, 21, 38, '2022-06-22 06:04:18', '2022-06-22 06:04:18'),
(99, 'eos', 'Ratione voluptas facilis temporibus officia perspiciatis quia labore. Et voluptatem at ea iste eum. Praesentium dignissimos quas sint impedit nostrum et ut molestiae. Id tempore ut dolorum illo praesentium.', 614, 1, 11, 45, '2022-06-22 06:04:18', '2022-06-22 06:04:18'),
(100, 'excepturi', 'Quae voluptatem natus esse rerum iusto. Ut pariatur in dolores alias. Fugit rerum veritatis maxime autem non. Rerum porro eaque nisi maiores.', 454, 9, 30, 24, '2022-06-22 06:04:18', '2022-06-22 06:04:18'),
(101, 'porro', 'Mollitia ipsa dolores dolorem error harum. Rerum nisi error illo aut dolorem nihil.', 780, 0, 14, 3, '2022-06-22 06:05:11', '2022-06-22 06:05:11'),
(102, 'magni', 'Quasi deleniti amet assumenda similique rerum qui. Doloremque delectus sunt vel ipsa consequuntur provident accusantium. Incidunt beatae quis illo eos.', 377, 2, 7, 39, '2022-06-22 06:05:11', '2022-06-22 06:05:11'),
(103, 'sit', 'A doloremque repellendus ipsa quo eaque voluptas sapiente possimus. Suscipit illum qui quis nulla possimus quidem vel. Voluptatem et sunt voluptatem nam sit aliquid voluptatibus.', 196, 7, 25, 42, '2022-06-22 06:05:11', '2022-06-22 06:05:11'),
(104, 'quis', 'Maiores ea vel iure et accusantium sed. Mollitia sunt est pariatur vitae illo. Tenetur dicta aut dolor amet sed. Aut nihil vitae sint voluptatem earum eaque ut.', 408, 6, 27, 19, '2022-06-22 06:05:11', '2022-06-22 06:05:11'),
(105, 'et', 'Est accusantium cupiditate voluptatum quo doloribus quas. Itaque quia consequuntur voluptatem nesciunt.', 604, 2, 12, 7, '2022-06-22 06:05:11', '2022-06-22 06:05:11'),
(106, 'officia', 'Molestias tenetur ex eum distinctio non harum quia. Ea rerum deleniti fugit. Consequatur magnam aut aliquid molestias.', 407, 5, 15, 9, '2022-06-22 06:05:11', '2022-06-22 06:05:11'),
(107, 'ipsum', 'Officiis omnis sed eum quidem facilis autem. Ullam eligendi saepe sed cum amet.', 772, 0, 2, 54, '2022-06-22 06:05:11', '2022-06-22 06:05:11'),
(108, 'dolorem', 'Occaecati dolorem odit placeat quisquam omnis. Qui libero ex recusandae dignissimos ex. Porro quo molestiae ea. Qui cum sint non et sed.', 465, 8, 8, 13, '2022-06-22 06:05:11', '2022-06-22 06:05:11'),
(109, 'adipisci', 'Saepe et eaque cupiditate consequatur est porro et corrupti. Consequatur sit aut fugit minima ipsum vitae voluptas. Quaerat officia voluptatem officiis et quaerat maxime ut vel. Totam quia voluptatem dolorem est soluta incidunt voluptas.', 661, 6, 17, 5, '2022-06-22 06:05:11', '2022-06-22 06:05:11'),
(110, 'ut', 'Similique consequatur eos voluptate et adipisci. Deserunt in dolores quod iusto. Unde adipisci placeat omnis ut est. Iure et deserunt aperiam nisi iusto hic est.', 310, 8, 14, 7, '2022-06-22 06:05:11', '2022-06-22 06:05:11'),
(111, 'eum', 'Libero ut autem molestiae amet. Doloremque ea magni pariatur nam expedita et. Debitis dolor a cum quasi impedit asperiores. Aliquam maxime tenetur ea modi saepe tenetur.', 328, 4, 2, 60, '2022-06-22 06:05:11', '2022-06-22 06:05:11'),
(112, 'quia', 'Voluptatem et laborum ut labore et. Ut quos ipsam eligendi quasi mollitia impedit sit sunt. Animi eos ut sint voluptatem dolore soluta quae.', 803, 3, 3, 54, '2022-06-22 06:05:11', '2022-06-22 06:05:11'),
(113, 'et', 'Nihil ratione ea autem. Quia autem quisquam repudiandae. Libero dolorem dolorem quasi laboriosam. Itaque quaerat non mollitia molestiae perferendis explicabo.', 947, 6, 22, 26, '2022-06-22 06:05:11', '2022-06-22 06:05:11'),
(114, 'totam', 'Voluptatem accusamus qui et. Modi voluptatem eligendi vel nisi iusto. Quos earum esse rerum.', 390, 1, 3, 35, '2022-06-22 06:05:11', '2022-06-22 06:05:11'),
(115, 'dolorum', 'Aliquam rerum et autem et hic ipsam vitae officia. Suscipit consequatur itaque voluptatem earum consequuntur doloribus recusandae. Amet pariatur soluta omnis incidunt.', 466, 6, 9, 45, '2022-06-22 06:05:11', '2022-06-22 06:05:11'),
(116, 'placeat', 'Id velit dolor necessitatibus ea laudantium sit iste. Non voluptatibus est cupiditate enim ullam laborum est. Aut nisi voluptatem voluptates voluptas optio amet.', 436, 4, 19, 6, '2022-06-22 06:05:11', '2022-06-22 06:05:11'),
(117, 'dicta', 'Est quia ea aspernatur voluptatem repellat. Dolores at soluta laboriosam unde illum. Sunt accusamus et occaecati quas et rerum quae.', 971, 8, 22, 44, '2022-06-22 06:05:11', '2022-06-22 06:05:11'),
(118, 'officia', 'Sint fugit modi quia laborum et. Sit fuga aut fugiat voluptas iure. Similique dignissimos voluptas dolor est sint aperiam velit. Ea est similique omnis minima nobis.', 271, 5, 3, 7, '2022-06-22 06:05:11', '2022-06-22 06:05:11'),
(119, 'quia', 'Voluptatem voluptas deserunt reiciendis reprehenderit impedit. A soluta molestiae dolorum laudantium ea omnis qui. Commodi ipsum nam soluta odio voluptatem dicta numquam omnis. Dolorum eum occaecati perspiciatis eaque corporis exercitationem. Et aut sed nihil quaerat aut beatae non voluptatem.', 131, 1, 17, 45, '2022-06-22 06:05:11', '2022-06-22 06:05:11'),
(120, 'suscipit', 'Ut qui assumenda accusantium iste at ut quia sint. Quis a et voluptates dolores repellat animi. Dolor quas atque quo autem.', 929, 5, 18, 46, '2022-06-22 06:05:11', '2022-06-22 06:05:11'),
(121, 'illo', 'Aliquam inventore eligendi qui corrupti aperiam. Commodi rerum optio nam quas iste asperiores est. Et dolor dignissimos omnis minus. Aut architecto architecto quo maiores quasi qui accusantium.', 630, 3, 12, 29, '2022-06-22 06:05:11', '2022-06-22 06:05:11'),
(122, 'autem', 'Quia quae rem et commodi. Consequuntur eveniet quaerat quo unde non dolorum occaecati maiores.', 292, 4, 20, 23, '2022-06-22 06:05:11', '2022-06-22 06:05:11'),
(123, 'sed', 'Qui repellendus ad reprehenderit assumenda dolor illum sint voluptas. Doloribus quibusdam eum et culpa. Quis similique quibusdam qui tempora qui voluptatibus et.', 574, 5, 11, 41, '2022-06-22 06:05:11', '2022-06-22 06:05:11'),
(124, 'tenetur', 'Consequatur aut tempora eligendi voluptatem. Excepturi incidunt corporis dolorem sit consectetur repellat.', 810, 0, 2, 38, '2022-06-22 06:05:11', '2022-06-22 06:05:11'),
(125, 'rerum', 'Placeat impedit qui aut perspiciatis cupiditate. Eius iste quo inventore sit provident. Est eligendi consectetur ducimus. Est ex soluta ipsum et natus cumque ut.', 475, 8, 8, 26, '2022-06-22 06:05:11', '2022-06-22 06:05:11'),
(126, 'autem', 'Aut itaque fugiat beatae. Et sunt sed vel explicabo occaecati vel tempora doloribus.', 880, 5, 5, 33, '2022-06-22 06:05:11', '2022-06-22 06:05:11'),
(127, 'maxime', 'Asperiores et vel magnam. Quod sunt et magnam praesentium recusandae id. A illum et ipsum deserunt iusto soluta quod non.', 129, 1, 24, 29, '2022-06-22 06:05:11', '2022-06-22 06:05:11'),
(128, 'temporibus', 'Natus aut est tenetur reprehenderit rerum repellendus. Eius rem sit et adipisci maiores qui aut et. Et nulla alias mollitia dolores quis rerum. Voluptates eligendi est enim enim aut.', 169, 1, 24, 26, '2022-06-22 06:05:11', '2022-06-22 06:05:11'),
(129, 'veniam', 'Illum dolorem esse soluta necessitatibus fugit. Aut eos doloremque voluptates voluptatem. Omnis fugit et et veniam similique doloremque labore. Doloribus quae ut sit perspiciatis facilis sed nobis.', 455, 0, 22, 53, '2022-06-22 06:05:11', '2022-06-22 06:05:11'),
(130, 'at', 'Quos illo ipsa aut exercitationem dicta. Dicta et consequatur quae autem provident. Voluptates aspernatur eligendi ut sed illum. Quis quam consectetur deleniti est voluptas.', 663, 5, 4, 1, '2022-06-22 06:05:11', '2022-06-22 06:05:11'),
(131, 'qui', 'Corrupti necessitatibus omnis et ad. Iusto vero sunt labore quia in dolorem. Atque enim autem et aliquam non vel.', 109, 8, 8, 1, '2022-06-22 06:05:11', '2022-06-22 06:05:11'),
(132, 'quibusdam', 'Est et delectus magnam porro nihil ab blanditiis. Dicta nesciunt sunt ea rerum. Voluptatem tempora eum quos tempora adipisci velit sed voluptatem.', 135, 1, 28, 2, '2022-06-22 06:05:11', '2022-06-22 06:05:11'),
(133, 'doloribus', 'Enim cupiditate harum quia et voluptates perspiciatis quisquam nihil. Numquam asperiores et explicabo atque qui repudiandae quis. Quia et quibusdam minima.', 385, 7, 29, 48, '2022-06-22 06:05:11', '2022-06-22 06:05:11'),
(134, 'ipsa', 'Enim beatae quae eos. Molestiae eligendi perspiciatis commodi inventore. Perspiciatis earum sed est voluptas. Natus molestiae quia iusto saepe non.', 829, 9, 20, 3, '2022-06-22 06:05:11', '2022-06-22 06:05:11'),
(135, 'necessitatibus', 'Earum qui sit molestiae alias quis amet dolor. Et et est aut quo qui. Possimus aut temporibus optio. Repellendus enim ab est occaecati. Aperiam non eligendi ipsam.', 811, 0, 22, 16, '2022-06-22 06:05:11', '2022-06-22 06:05:11'),
(136, 'ad', 'Incidunt placeat aut quod aliquam non. Id nemo nostrum et ea molestiae consequatur. Ut vitae at accusamus tempore ducimus qui nihil.', 646, 4, 23, 1, '2022-06-22 06:05:11', '2022-06-22 06:05:11'),
(137, 'iusto', 'Nihil error in sunt molestias eos illo. Quia enim sed labore labore. Nam quisquam quod id molestias. Sed ut ut aut hic suscipit et perspiciatis.', 659, 3, 9, 53, '2022-06-22 06:05:11', '2022-06-22 06:05:11'),
(138, 'et', 'Cumque ipsum sed et illum. Et magnam non cumque nobis ex qui. Doloribus sunt et nostrum maxime et aut. Recusandae ipsam unde explicabo at vel dolores aliquam.', 579, 0, 7, 9, '2022-06-22 06:05:11', '2022-06-22 06:05:11'),
(139, 'natus', 'Similique vitae eum tenetur qui. Est deleniti cum sit est in. Cumque atque voluptatem quia omnis. Sit ea ad veniam consequuntur consectetur consequatur nihil.', 918, 5, 10, 50, '2022-06-22 06:05:11', '2022-06-22 06:05:11'),
(140, 'assumenda', 'Aut placeat ut et vero ad exercitationem. At nesciunt voluptate voluptatibus sunt minus ea odit. Consequatur quo provident reiciendis nam in est doloremque provident.', 197, 0, 10, 17, '2022-06-22 06:05:11', '2022-06-22 06:05:11'),
(141, 'qui', 'Voluptatum perferendis iusto magnam quidem nobis odit inventore et. Vel id nulla officiis quo nobis consequuntur impedit in.', 339, 6, 17, 1, '2022-06-22 06:05:11', '2022-06-22 06:05:11'),
(142, 'id', 'Consequuntur vel est quis velit sed dolorem. Dicta velit aut architecto ab. Numquam velit repellendus quaerat quas.', 321, 0, 27, 29, '2022-06-22 06:05:11', '2022-06-22 06:05:11'),
(143, 'doloremque', 'Impedit qui possimus illo est. Quis adipisci est et placeat et velit veritatis voluptatem. Voluptatem in aut assumenda aut.', 393, 9, 18, 51, '2022-06-22 06:05:11', '2022-06-22 06:05:11'),
(144, 'ea', 'Quaerat voluptatum laboriosam maiores velit. Sed itaque doloremque totam dolor. Magni velit magnam distinctio quisquam nemo.', 797, 4, 3, 9, '2022-06-22 06:05:11', '2022-06-22 06:05:11'),
(145, 'voluptatem', 'Sit consectetur placeat et ut et quo temporibus aliquam. Sapiente fugiat nisi enim harum. Corporis cum id eius quam.', 710, 9, 22, 41, '2022-06-22 06:05:11', '2022-06-22 06:05:11'),
(146, 'eos', 'Vero esse tenetur sequi ut. Est velit eius fuga repudiandae modi voluptatem. In et cum voluptas iste sed error eaque architecto. Ut quo ea unde dolore qui similique deserunt.', 784, 7, 11, 5, '2022-06-22 06:05:11', '2022-06-22 06:05:11'),
(147, 'nobis', 'Ut et aut sequi impedit enim. Unde et suscipit veritatis eum odio vel.', 569, 5, 13, 48, '2022-06-22 06:05:11', '2022-06-22 06:05:11'),
(148, 'qui', 'Dignissimos nemo ab blanditiis modi excepturi eius. Ut culpa velit et nesciunt omnis aut dolore. Maxime pariatur ea sapiente explicabo blanditiis. Rerum ducimus et non distinctio.', 453, 6, 9, 25, '2022-06-22 06:05:11', '2022-06-22 06:05:11'),
(149, 'eaque', 'In ipsam amet odio in blanditiis. Et veritatis eaque atque voluptas. Magni error placeat aut harum ut aut.', 915, 2, 27, 26, '2022-06-22 06:05:11', '2022-06-22 06:05:11'),
(150, 'consectetur', 'Asperiores voluptatum facilis aperiam totam. Autem officia eaque fugiat delectus ut. Consectetur perferendis architecto praesentium quis enim laudantium. Consequuntur repellat dignissimos quam fuga harum commodi numquam voluptatem.', 915, 3, 28, 31, '2022-06-22 06:05:11', '2022-06-22 06:05:11');

-- --------------------------------------------------------

--
-- Table structure for table `reviews`
--

CREATE TABLE `reviews` (
  `id` int(10) UNSIGNED NOT NULL,
  `product_id` int(10) UNSIGNED NOT NULL,
  `customer` varchar(255) COLLATE utf8mb4_unicode_ci NOT NULL,
  `review` text COLLATE utf8mb4_unicode_ci NOT NULL,
  `star` int(11) NOT NULL,
  `created_at` timestamp NULL DEFAULT NULL,
  `updated_at` timestamp NULL DEFAULT NULL
) ENGINE=InnoDB DEFAULT CHARSET=utf8mb4 COLLATE=utf8mb4_unicode_ci;

--
-- Dumping data for table `reviews`
--

INSERT INTO `reviews` (`id`, `product_id`, `customer`, `review`, `star`, `created_at`, `updated_at`) VALUES
(1, 108, 'Dr. Maria Steuber IV', 'Illo dicta inventore aut fugiat deleniti soluta. Quibusdam ipsum et odio placeat illo qui qui. Voluptatibus et dolorem sequi perspiciatis.', 5, '2022-06-22 06:05:12', '2022-06-22 06:05:12'),
(2, 45, 'Grant Kessler', 'Quos ad quia minus ut veritatis dolorem. Et sint quis corporis sapiente minus. Earum dolorem laborum rem quia ut delectus dolores.', 5, '2022-06-22 06:05:12', '2022-06-22 06:05:12'),
(3, 106, 'Lou O\'Reilly', 'Accusantium labore impedit voluptatem similique. Totam architecto incidunt explicabo voluptatem consequatur. Aut optio aut repudiandae sint.', 3, '2022-06-22 06:05:12', '2022-06-22 06:05:12'),
(4, 86, 'Bart Gislason', 'Placeat et delectus et qui perferendis omnis illo. Qui reiciendis eos dolor voluptatem consequatur quis amet. Doloremque maiores ducimus quia rem facilis est eaque voluptatem.', 0, '2022-06-22 06:05:12', '2022-06-22 06:05:12'),
(5, 85, 'Lucienne Lowe', 'Aut debitis atque veniam doloremque. Hic culpa natus ut in quia. Maiores nihil aliquam sint possimus.', 1, '2022-06-22 06:05:12', '2022-06-22 06:05:12'),
(6, 52, 'Mr. Davonte Quitzon III', 'Velit ea ullam minus quia velit. Dignissimos natus suscipit rerum id. Inventore quidem necessitatibus alias consequatur. Quisquam ullam mollitia necessitatibus aut corporis quam. Dicta accusantium excepturi distinctio ad.', 4, '2022-06-22 06:05:12', '2022-06-22 06:05:12'),
(7, 149, 'Kitty Schmeler', 'Maxime fugit tempore eligendi asperiores quaerat maiores quasi voluptatem. Molestiae itaque nobis eius ea voluptatibus sint. Voluptatem quo itaque et et eaque consequatur quasi expedita. In modi itaque dignissimos.', 1, '2022-06-22 06:05:12', '2022-06-22 06:05:12'),
(8, 12, 'Candice Davis', 'Et perferendis ut dolores non quibusdam. Officiis exercitationem debitis deserunt.', 1, '2022-06-22 06:05:12', '2022-06-22 06:05:12'),
(9, 149, 'Keon Emard', 'Suscipit distinctio odit ut dolores nihil dolorum. Nihil molestias qui velit at. Et pariatur unde unde commodi ducimus quae magni.', 5, '2022-06-22 06:05:12', '2022-06-22 06:05:12'),
(10, 25, 'Myrl Rogahn', 'Sit quo illum praesentium adipisci nihil. Similique reiciendis fuga quod soluta voluptatum accusantium suscipit omnis. Voluptatem rem dolorem eos eos fugiat illum.', 4, '2022-06-22 06:05:12', '2022-06-22 06:05:12'),
(11, 88, 'Mr. Fausto Bauch Jr.', 'Adipisci quia sed hic qui. Sint recusandae a eos dolor qui vero molestiae vero. Quod tenetur expedita autem eligendi. Velit eum voluptas doloremque adipisci beatae. Omnis eum accusamus inventore inventore ipsum et placeat.', 5, '2022-06-22 06:05:12', '2022-06-22 06:05:12'),
(12, 23, 'Anita Rath', 'Ab est dicta similique sint. Consequuntur autem repellendus nihil ut sit dolore. Nihil omnis animi ullam. Dicta aspernatur ipsa id culpa ut sit.', 1, '2022-06-22 06:05:12', '2022-06-22 06:05:12'),
(13, 72, 'Mrs. Desiree Pagac DDS', 'Accusamus recusandae velit aut vero neque autem harum. Aut quasi alias eos est vero voluptatem et. Quos assumenda provident alias nostrum. Neque aut laborum nam accusantium explicabo.', 1, '2022-06-22 06:05:12', '2022-06-22 06:05:12'),
(14, 105, 'Keith Herman', 'Odit enim blanditiis in. Sequi cupiditate voluptas vero omnis. Eaque sed atque voluptatum totam. Repudiandae voluptates reiciendis necessitatibus incidunt ipsa et possimus.', 4, '2022-06-22 06:05:12', '2022-06-22 06:05:12'),
(15, 122, 'Dr. Jamar Strosin Sr.', 'Voluptatem ipsam iure ab aut. Laudantium necessitatibus accusantium omnis accusamus ea et ut. Et ad qui voluptatem quia eligendi qui.', 3, '2022-06-22 06:05:12', '2022-06-22 06:05:12'),
(16, 76, 'Prof. Una Beatty', 'Veritatis sed incidunt delectus odio labore est harum. Temporibus sed id vero. Qui nulla animi voluptatem ut molestias omnis consequuntur. Nesciunt voluptas dolorem omnis voluptas tenetur dicta. Ratione velit ut possimus dolor quas ipsum et aliquam.', 3, '2022-06-22 06:05:12', '2022-06-22 06:05:12'),
(17, 18, 'Ludie Spinka', 'Voluptas atque incidunt voluptas expedita commodi cum tenetur. Culpa dignissimos id velit.', 5, '2022-06-22 06:05:12', '2022-06-22 06:05:12'),
(18, 149, 'Idell Simonis', 'Rerum qui asperiores et qui ratione amet. Deserunt impedit esse ad eligendi. Velit animi adipisci est non. Dolor qui dolores expedita omnis.', 5, '2022-06-22 06:05:12', '2022-06-22 06:05:12'),
(19, 51, 'Queen Cartwright', 'Voluptas esse et aut consequatur. Ab nemo accusamus officiis iure. Voluptatum non aut consequuntur eos.', 1, '2022-06-22 06:05:12', '2022-06-22 06:05:12'),
(20, 65, 'Dr. Lucio Bode', 'Consequatur in ut explicabo enim maxime quia eos. Sequi aut cupiditate facere. Soluta culpa aperiam tempora est facere pariatur corporis.', 2, '2022-06-22 06:05:12', '2022-06-22 06:05:12'),
(21, 100, 'Santina Wiegand', 'Nihil quisquam sapiente est omnis fugiat ad ut. Fugiat quaerat quam id minus. Magni ut numquam sit totam quod.', 5, '2022-06-22 06:05:12', '2022-06-22 06:05:12'),
(22, 16, 'Rosa Buckridge', 'Qui neque esse maiores ut dolores vel. Est numquam perspiciatis ut id consequatur non repellendus. Unde dolor quas voluptate at sit corporis.', 0, '2022-06-22 06:05:12', '2022-06-22 06:05:12'),
(23, 36, 'Randal Runolfsdottir', 'Alias consequatur impedit nemo eveniet. Qui magni id tempora debitis dolore eligendi. Quis commodi quidem et est qui.', 2, '2022-06-22 06:05:12', '2022-06-22 06:05:12'),
(24, 136, 'Ashtyn Bashirian', 'Et ut id inventore modi. Est sit a quia reiciendis rerum rerum culpa. Molestias totam error quam dignissimos et blanditiis maiores ut. Ipsa nihil et deleniti vel.', 5, '2022-06-22 06:05:12', '2022-06-22 06:05:12'),
(25, 49, 'Tess Kub', 'Animi voluptatum explicabo nulla iste sint tenetur. Vitae aut quaerat earum. Ut beatae culpa omnis libero consequatur perferendis voluptatem sed. A tempore ut saepe ut veritatis. Sint sint quos praesentium modi.', 2, '2022-06-22 06:05:12', '2022-06-22 06:05:12'),
(26, 55, 'Prof. Adelia Batz Sr.', 'Neque consectetur sed esse et praesentium qui. Dolorem id suscipit eligendi praesentium ab harum perspiciatis vitae. Rerum et aut maiores numquam sed earum doloremque. Non qui ex corrupti est est.', 1, '2022-06-22 06:05:12', '2022-06-22 06:05:12'),
(27, 35, 'Adelia Lueilwitz', 'Ut vero quis voluptatibus qui. Quas exercitationem modi ut velit qui dolorum.', 4, '2022-06-22 06:05:12', '2022-06-22 06:05:12'),
(28, 62, 'Zoey Stokes', 'Nemo inventore quis quae totam. Nesciunt natus odio suscipit id nemo quis qui. Nisi et enim ut magnam et earum. Dolor vel itaque voluptate.', 3, '2022-06-22 06:05:12', '2022-06-22 06:05:12'),
(29, 45, 'Nola Smith PhD', 'Officia laudantium assumenda labore mollitia est corrupti quasi. Provident eaque qui amet officiis voluptatem provident fugiat. Aperiam dignissimos quia fuga mollitia.', 2, '2022-06-22 06:05:12', '2022-06-22 06:05:12'),
(30, 34, 'Federico Dare', 'Eos sed quibusdam eos est velit. Deserunt dignissimos repellat similique iusto dignissimos. Et animi velit id blanditiis animi natus ipsa aliquid.', 4, '2022-06-22 06:05:12', '2022-06-22 06:05:12'),
(31, 24, 'Makenzie Turcotte', 'Rem est odit nobis voluptas. Quidem non qui consequuntur saepe molestiae perferendis maiores. Aut accusamus ea consequatur distinctio ipsa voluptate.', 0, '2022-06-22 06:05:12', '2022-06-22 06:05:12'),
(32, 51, 'Mr. Buddy Dooley PhD', 'Adipisci harum aut est saepe iste. Qui quas mollitia ut ea similique sed. Et ut quibusdam nesciunt. Alias aut deserunt animi et saepe aperiam.', 5, '2022-06-22 06:05:12', '2022-06-22 06:05:12'),
(33, 100, 'Prof. Harvey Bins PhD', 'Rerum odit vitae voluptatem assumenda sapiente repudiandae. Alias quam ipsam consequatur repudiandae quis. Eum sunt qui similique rerum et doloremque qui ut.', 4, '2022-06-22 06:05:12', '2022-06-22 06:05:12'),
(34, 39, 'Maegan Barrows', 'Culpa et fugit consequatur numquam rerum. Omnis consectetur quo et provident. Soluta ea ut voluptatem et consequatur hic.', 5, '2022-06-22 06:05:12', '2022-06-22 06:05:12'),
(35, 121, 'Ludwig Leffler', 'Et facere et illo aut et amet. Quia minima eius magnam eos. Nihil provident et distinctio maiores nemo qui est.', 4, '2022-06-22 06:05:12', '2022-06-22 06:05:12'),
(36, 84, 'Humberto Hintz', 'Reiciendis eos voluptas qui omnis adipisci labore sed. Rerum aut molestiae eos tempora ut. Voluptatem natus magnam fugiat nisi nulla eos. Tenetur accusamus velit ab sed.', 3, '2022-06-22 06:05:12', '2022-06-22 06:05:12'),
(37, 7, 'Wendy Ryan', 'Quisquam sapiente commodi iure culpa. Enim velit dolor est non voluptatem numquam. Autem expedita et tenetur excepturi quisquam officia. Expedita ut nesciunt dicta quis.', 1, '2022-06-22 06:05:12', '2022-06-22 06:05:12'),
(38, 46, 'Lamar Botsford PhD', 'Qui neque ipsam qui eius. Eos unde ex et ab. Aliquid alias molestiae eveniet vel adipisci explicabo eos. Sunt maxime ut voluptatem at tempora.', 4, '2022-06-22 06:05:12', '2022-06-22 06:05:12'),
(39, 61, 'Mr. Dwight Gaylord PhD', 'Tempora incidunt accusamus et debitis voluptates nobis non. Iure inventore fuga expedita voluptate qui aperiam iure. Quis voluptatibus dignissimos ut rerum sunt. Vitae non id non doloremque omnis ut illo.', 5, '2022-06-22 06:05:12', '2022-06-22 06:05:12'),
(40, 65, 'Mr. Oren Lang III', 'Voluptatem sit perspiciatis perspiciatis veniam consequuntur totam sit sit. Omnis sed quaerat quo dicta saepe non ea asperiores. Dolores dolorum officiis et labore assumenda ut.', 3, '2022-06-22 06:05:12', '2022-06-22 06:05:12'),
(41, 88, 'Dr. Jaleel Haag MD', 'Illum voluptatem amet rem qui ut. Itaque voluptatem magni facere nobis earum nobis vel consequatur. Quaerat et quasi aut.', 1, '2022-06-22 06:05:12', '2022-06-22 06:05:12'),
(42, 149, 'Dr. Bryce Leuschke Sr.', 'Qui cupiditate et dolorum aut. Sapiente odit dolor sit necessitatibus qui cupiditate facilis. Reprehenderit et sint officiis quo similique consequatur. Vitae dicta iusto perferendis aperiam eum possimus vero.', 3, '2022-06-22 06:05:12', '2022-06-22 06:05:12'),
(43, 139, 'Darrick Bergstrom Jr.', 'Ullam voluptas sed adipisci et aut occaecati. Ut voluptatibus est quia voluptatem rerum ut est. Beatae distinctio error quasi repudiandae. Eligendi esse quidem eum tempore qui nesciunt.', 0, '2022-06-22 06:05:12', '2022-06-22 06:05:12'),
(44, 76, 'Candido Considine', 'Atque consequatur molestias et omnis. Est enim blanditiis tenetur. Maiores et sit deleniti amet cumque. Fugiat ducimus deleniti aut.', 2, '2022-06-22 06:05:12', '2022-06-22 06:05:12'),
(45, 136, 'Dr. Brett Spinka DVM', 'Alias praesentium sit facere blanditiis voluptas et. Eos illo hic ab facilis. Qui fuga placeat eum ut. Cumque est delectus ut deleniti velit.', 0, '2022-06-22 06:05:12', '2022-06-22 06:05:12'),
(46, 33, 'Ms. Vada Daniel III', 'Unde eos sit placeat tempora. Nobis aut nostrum provident facere. Fugit tempora nesciunt facilis.', 5, '2022-06-22 06:05:12', '2022-06-22 06:05:12'),
(47, 125, 'Julius Shields', 'Fugit odit voluptas vero dolor. Voluptate veniam veritatis vero eveniet. Et et aut consequatur vero. In in pariatur cumque accusamus repudiandae necessitatibus totam dolor.', 4, '2022-06-22 06:05:12', '2022-06-22 06:05:12'),
(48, 135, 'Arlo Raynor', 'Nesciunt illo architecto enim commodi voluptatem quia officia. Distinctio reiciendis aspernatur nihil. Porro distinctio ab dicta quisquam voluptatem vel iste cum. Quidem optio enim quidem non non accusamus.', 2, '2022-06-22 06:05:12', '2022-06-22 06:05:12'),
(49, 39, 'Dandre Ratke', 'Consequatur temporibus tenetur soluta est nam. Velit voluptas repellendus corporis. Rerum quia sit ea rerum non impedit enim mollitia. Velit alias et natus consequatur inventore sapiente deserunt.', 1, '2022-06-22 06:05:12', '2022-06-22 06:05:12'),
(50, 118, 'Prof. Dee Kuhn DVM', 'Et placeat esse accusantium accusamus iusto amet repellendus. Qui et voluptatem cum magni est nam. Ut nostrum voluptate ut eaque sunt.', 5, '2022-06-22 06:05:12', '2022-06-22 06:05:12'),
(51, 51, 'Oran Windler', 'Explicabo occaecati sit incidunt provident quidem eum. Facere repudiandae illum est quo vero expedita ab. Dolorem vitae voluptatem occaecati. Blanditiis molestiae cupiditate sapiente sed totam quas doloremque delectus.', 2, '2022-06-22 06:05:12', '2022-06-22 06:05:12'),
(52, 87, 'Noe Ryan', 'Ea accusantium nisi incidunt veritatis nihil. Maxime voluptas molestiae assumenda dolore nulla labore perferendis. Et saepe vel dolorem velit sed aut veniam. Eum non eius earum.', 2, '2022-06-22 06:05:12', '2022-06-22 06:05:12'),
(53, 93, 'Marguerite Legros DDS', 'Doloremque eos totam eos. Qui nostrum fugiat suscipit eaque voluptates. Et iste ex mollitia id ut. Repudiandae voluptas iure voluptatem.', 5, '2022-06-22 06:05:12', '2022-06-22 06:05:12'),
(54, 120, 'Elmira Paucek', 'Vero cupiditate excepturi est recusandae. Quia incidunt enim modi in consequatur quia. Sint pariatur ut et ut. Placeat nostrum assumenda officia voluptate impedit molestiae.', 3, '2022-06-22 06:05:12', '2022-06-22 06:05:12'),
(55, 76, 'Therese Quitzon', 'Magnam consequatur sunt eum nisi quod. Cum accusamus sint magni provident. Laudantium non earum sit optio.', 3, '2022-06-22 06:05:12', '2022-06-22 06:05:12'),
(56, 136, 'Heath Windler', 'Asperiores placeat consequatur autem. Quam quibusdam sed placeat vero occaecati. Quod rerum neque ut voluptatibus.', 2, '2022-06-22 06:05:12', '2022-06-22 06:05:12'),
(57, 21, 'Clemmie Heller', 'Voluptatum ullam omnis voluptate voluptatem labore minima. Alias ut magnam ut natus cupiditate. Soluta necessitatibus qui modi unde.', 2, '2022-06-22 06:05:12', '2022-06-22 06:05:12'),
(58, 23, 'Estella Bahringer', 'Voluptas quidem qui ipsam excepturi qui voluptas sed. Ab suscipit molestias corrupti vitae non et. Ducimus voluptates praesentium aut odio quo maiores ab quisquam. Quia perspiciatis aliquam totam maiores eaque recusandae ducimus adipisci.', 1, '2022-06-22 06:05:12', '2022-06-22 06:05:12'),
(59, 45, 'Ulises Nienow', 'Aut nihil quod doloribus et. Ut ratione aspernatur doloremque qui. Odit delectus accusamus ut velit velit ut et in.', 2, '2022-06-22 06:05:12', '2022-06-22 06:05:12'),
(60, 8, 'Ms. Zoie Morissette', 'Repellendus quisquam quaerat non et pariatur dicta illo. Voluptas quo perspiciatis et consequatur. Quisquam ipsa totam aut rem numquam eius est. Et deleniti nemo odio consequatur.', 5, '2022-06-22 06:05:12', '2022-06-22 06:05:12'),
(61, 104, 'Madeline Lesch Jr.', 'Sequi expedita vero debitis hic. Dolor nesciunt non excepturi doloremque. Possimus hic est molestiae odio placeat.', 1, '2022-06-22 06:05:12', '2022-06-22 06:05:12'),
(62, 2, 'Cyrus Bruen I', 'Iure rem autem dolore hic necessitatibus. Id est dolorem est suscipit.', 4, '2022-06-22 06:05:12', '2022-06-22 06:05:12'),
(63, 53, 'Lourdes Stamm', 'Et assumenda repellat rerum voluptas quasi amet. Sunt sunt et voluptas. Dolorem ipsum sed corrupti quos. Maxime quia aut voluptas quasi veritatis eaque nam. Consequatur cum unde dolores nam labore.', 5, '2022-06-22 06:05:12', '2022-06-22 06:05:12'),
(64, 123, 'Herman Connelly', 'Veniam dolor quisquam ut quae totam consequatur maiores. Magnam ea praesentium voluptas saepe. Illum et iure quia dolorem.', 1, '2022-06-22 06:05:12', '2022-06-22 06:05:12'),
(65, 32, 'Dr. Damion Mueller DDS', 'Doloremque ratione ratione labore. Facere facere magni nisi est et cum. Labore nobis veritatis odit nostrum.', 0, '2022-06-22 06:05:12', '2022-06-22 06:05:12'),
(66, 54, 'Mozelle Windler', 'Doloremque aliquam voluptate deserunt qui consequatur dicta saepe. Recusandae sed distinctio aliquam eius laborum accusamus repellendus. Nulla dolore atque doloribus. Explicabo nobis quia quia temporibus eum quisquam magni. Ut modi nesciunt ad fugit optio.', 0, '2022-06-22 06:05:12', '2022-06-22 06:05:12'),
(67, 61, 'Remington Hermann DVM', 'Modi delectus rerum est ad aspernatur qui officiis. Adipisci est illum aut animi excepturi voluptas. Illo ipsa cumque nobis quia tenetur quae. Sed alias libero id.', 2, '2022-06-22 06:05:12', '2022-06-22 06:05:12'),
(68, 19, 'Leola Littel', 'Dignissimos quia quia aut aut maiores. Nostrum expedita sed facere voluptas qui. Consequuntur natus consequatur odit. Omnis ut aliquam repellat odit quas sint.', 2, '2022-06-22 06:05:12', '2022-06-22 06:05:12'),
(69, 51, 'Mr. Chelsey Cummerata I', 'Aut hic ut harum praesentium. Non ad dolorem voluptate hic iusto a. Praesentium deserunt non dolorem qui consectetur exercitationem dignissimos nobis. Eaque harum non qui eaque magni explicabo. Molestiae modi et cum labore exercitationem.', 1, '2022-06-22 06:05:12', '2022-06-22 06:05:12'),
(70, 84, 'Shanel Reinger', 'Autem voluptatem quibusdam blanditiis numquam ea qui cupiditate. Est illo inventore cum et nihil optio. Dicta et ex ut molestiae non asperiores voluptates. Ullam deleniti possimus illo consequatur officiis molestiae voluptatibus.', 5, '2022-06-22 06:05:12', '2022-06-22 06:05:12'),
(71, 56, 'Claire Bosco', 'Consectetur harum reiciendis quisquam incidunt. Aut unde suscipit doloribus ut saepe. Ea est quo ducimus nesciunt veniam earum.', 5, '2022-06-22 06:05:12', '2022-06-22 06:05:12'),
(72, 82, 'Eugenia Roberts', 'Commodi et est consectetur. At distinctio ut dolores cumque distinctio dolores quisquam. Nostrum tenetur accusamus deleniti sapiente error ut dolore. Adipisci non inventore ea consequatur consequatur debitis in consectetur.', 4, '2022-06-22 06:05:12', '2022-06-22 06:05:12'),
(73, 57, 'Ernesto Hand', 'Sapiente rerum soluta commodi veritatis. Eum fuga reiciendis in minus quo voluptas. Ipsum labore iure necessitatibus sunt. Veniam soluta illo qui non quia laudantium ut.', 1, '2022-06-22 06:05:12', '2022-06-22 06:05:12'),
(74, 137, 'Margarita Kiehn', 'Quis laudantium delectus nisi quia assumenda. Et et possimus repellendus sed. Deserunt aut qui accusantium similique. Quas hic fugit corrupti sunt harum est aut.', 3, '2022-06-22 06:05:12', '2022-06-22 06:05:12'),
(75, 78, 'Samara Leuschke', 'Esse aut numquam labore recusandae enim. Voluptatem nulla excepturi sit ipsa laudantium quod sit repellat. Et quos consequatur velit veritatis. Earum quis et ut qui omnis nisi eos quasi.', 2, '2022-06-22 06:05:12', '2022-06-22 06:05:12'),
(76, 83, 'Madeline Haag', 'Natus consequatur et est vel saepe ullam ex. Omnis fugiat a perferendis modi consequatur aspernatur qui. Ducimus aut aut corrupti illo dolorem. Nesciunt recusandae odit facilis facere facilis odit.', 3, '2022-06-22 06:05:12', '2022-06-22 06:05:12'),
(77, 88, 'Arvilla White', 'Sequi quo aut eum voluptatum eos explicabo debitis quis. Dolores quis quia autem quo nobis exercitationem exercitationem. Magni ut porro ut iure omnis.', 0, '2022-06-22 06:05:12', '2022-06-22 06:05:12'),
(78, 75, 'Lela Klein', 'Asperiores excepturi debitis repellendus et. Et sequi dolores repellat. Molestiae omnis excepturi facere at ipsa. Fugiat minus eum vel eius ipsa.', 5, '2022-06-22 06:05:12', '2022-06-22 06:05:12'),
(79, 37, 'Dr. Heidi Armstrong', 'Id illo dolorum voluptates ipsam. Commodi sed unde maiores odit molestiae. Et totam harum deserunt necessitatibus debitis cumque eos assumenda. Et doloremque nulla est quos consequatur. Cupiditate aut porro suscipit corrupti dolores aut quis.', 3, '2022-06-22 06:05:12', '2022-06-22 06:05:12'),
(80, 109, 'Janae Denesik', 'Laudantium qui reiciendis voluptas eveniet expedita. Dicta quis qui vitae illum quas illo dolores. Quidem pariatur vero reiciendis illo suscipit delectus quia.', 0, '2022-06-22 06:05:12', '2022-06-22 06:05:12'),
(81, 120, 'Tate Beatty', 'Cupiditate sint reprehenderit qui rerum earum ut voluptatibus accusantium. Voluptas ut culpa possimus est. Necessitatibus accusantium sunt dolore sed molestiae unde hic quia.', 0, '2022-06-22 06:05:12', '2022-06-22 06:05:12'),
(82, 101, 'Lionel Purdy', 'Adipisci esse veniam sunt aspernatur autem mollitia. Velit eum et necessitatibus rerum incidunt numquam et. Optio iure reprehenderit est eligendi aliquid. Vel eveniet nulla et dignissimos cupiditate minus qui cumque.', 3, '2022-06-22 06:05:12', '2022-06-22 06:05:12'),
(84, 6, 'Adelle Kiehn', 'Velit debitis ipsum distinctio earum. Mollitia ut eaque ullam fugiat quod alias.', 3, '2022-06-22 06:05:12', '2022-06-22 06:05:12'),
(85, 148, 'Dr. Zane Daniel', 'Odit rem et rem quam. Autem ut officia eum numquam in. Et ad possimus quis voluptatem fugit expedita ut ab.', 3, '2022-06-22 06:05:12', '2022-06-22 06:05:12'),
(86, 58, 'Prof. Hortense Kuhn II', 'Nulla nihil totam facilis quas. Enim iure quia nulla autem eveniet et recusandae autem. Aspernatur est similique odio molestiae id eaque omnis. Ducimus at quis nihil ut aperiam.', 4, '2022-06-22 06:05:12', '2022-06-22 06:05:12'),
(87, 104, 'Zaria Dibbert', 'Consequatur omnis odit ipsum et nostrum architecto. Ratione impedit nisi velit eum animi. Ad cumque aspernatur vel et autem. Commodi culpa repudiandae voluptatem dolores placeat est voluptas. Tenetur facilis qui eum excepturi sequi error.', 1, '2022-06-22 06:05:12', '2022-06-22 06:05:12'),
(88, 48, 'Keenan Rempel', 'Deleniti voluptatum consequatur sed facilis odio aspernatur accusamus. Accusamus incidunt omnis voluptas ad. Natus sed quod est eaque tenetur assumenda dicta. Ut velit rem soluta excepturi ut praesentium.', 1, '2022-06-22 06:05:12', '2022-06-22 06:05:12'),
(89, 32, 'Dr. Horacio Lang II', 'Voluptatem amet aut qui corrupti. Beatae magnam eos minima laudantium in. Eligendi deserunt iusto rerum et non soluta sit. Ut maiores voluptas et aut placeat sapiente.', 3, '2022-06-22 06:05:12', '2022-06-22 06:05:12'),
(90, 109, 'Rosanna Stoltenberg', 'Et expedita deserunt reprehenderit quia earum in officiis id. Quidem magnam cupiditate molestias aut corporis error. Non et totam in labore iure ullam. Non facilis explicabo iusto.', 3, '2022-06-22 06:05:12', '2022-06-22 06:05:12'),
(91, 124, 'Percy Lubowitz', 'In deserunt et nostrum qui exercitationem consequatur sapiente quis. Nostrum et amet sit error inventore autem magnam. Qui eos iusto dolor cumque voluptates omnis omnis magnam. Culpa ut quos dolores. Atque voluptatum id amet animi earum saepe exercitationem.', 4, '2022-06-22 06:05:12', '2022-06-22 06:05:12'),
(92, 83, 'Deon Watsica', 'Provident rerum aut sapiente aut. Consequatur voluptatem doloribus atque velit voluptas assumenda incidunt. Saepe velit atque soluta incidunt. Maxime corrupti hic sed dolor.', 4, '2022-06-22 06:05:12', '2022-06-22 06:05:12'),
(93, 40, 'Cordell Skiles Jr.', 'Tenetur in minima officia sint libero qui omnis. Possimus rem enim quia earum voluptatum nostrum iusto reiciendis. Maxime molestiae ipsam aut rerum voluptatem aut repellat. Voluptatibus quaerat aliquam voluptatibus maxime quod et quo.', 4, '2022-06-22 06:05:12', '2022-06-22 06:05:12'),
(94, 43, 'Zena Nienow II', 'Distinctio minus hic ut unde expedita occaecati. Excepturi veniam non enim quasi ut. Alias aspernatur est aut possimus delectus optio inventore. Id autem et nobis perferendis odio ex quas magni.', 2, '2022-06-22 06:05:12', '2022-06-22 06:05:12'),
(95, 15, 'Reinhold Flatley', 'Et blanditiis doloribus aliquid nam. Asperiores aliquam blanditiis illum earum. Iusto cumque nam non aperiam. Qui sint ea ea quos asperiores magnam.', 1, '2022-06-22 06:05:12', '2022-06-22 06:05:12'),
(96, 84, 'Renee Schinner', 'Repellendus aut tempore non expedita tempore. Quod et accusamus molestias aut repellendus labore alias quos. Rerum voluptatem omnis eum non et qui maiores architecto.', 5, '2022-06-22 06:05:12', '2022-06-22 06:05:12'),
(97, 14, 'Linda Luettgen', 'Sit quia vel doloremque dolorum. Reiciendis sunt occaecati est odit voluptas totam doloremque. Iste amet mollitia modi praesentium placeat. Incidunt rerum dolor doloremque voluptas dolor non.', 0, '2022-06-22 06:05:12', '2022-06-22 06:05:12'),
(98, 132, 'Prof. Lawrence Runolfsdottir DVM', 'Et nihil corporis adipisci dolorem animi beatae qui adipisci. Nobis voluptas minus et non nobis quisquam delectus. Consectetur voluptatum consequatur corporis voluptatem pariatur maiores itaque. Non quia et animi iusto voluptatem.', 5, '2022-06-22 06:05:12', '2022-06-22 06:05:12'),
(99, 17, 'Lela Hackett II', 'Odio dolores ex eum a fuga explicabo tempore. Et unde beatae sapiente quam vel laudantium voluptatem repellendus. Quae accusamus sint voluptatibus.', 2, '2022-06-22 06:05:12', '2022-06-22 06:05:12'),
(100, 88, 'Richie Legros V', 'Soluta velit recusandae est rem. Harum eos veritatis culpa sint et impedit quisquam. Cupiditate sunt et dolorem voluptas non unde non. Sed libero debitis voluptatem tenetur sunt.', 1, '2022-06-22 06:05:12', '2022-06-22 06:05:12'),
(101, 138, 'Keeley Dooley', 'Ut doloribus perferendis doloribus atque qui vel. Sequi quis non veniam quidem velit. Voluptas similique officiis quisquam dolores.', 0, '2022-06-22 06:05:12', '2022-06-22 06:05:12'),
(102, 34, 'Jermain Pagac', 'Blanditiis voluptatem aut rem totam et. Ut animi similique aut assumenda ullam ipsum voluptates.', 3, '2022-06-22 06:05:12', '2022-06-22 06:05:12'),
(103, 140, 'Burdette Kunze', 'Quidem perspiciatis omnis enim quam maxime nihil. Pariatur nulla voluptatem ullam magnam.', 1, '2022-06-22 06:05:12', '2022-06-22 06:05:12'),
(104, 28, 'Prof. Brisa Boyle II', 'Dicta esse fugit voluptatem animi eos laudantium. Nobis reiciendis nulla asperiores officia autem adipisci cum. Recusandae deleniti adipisci natus.', 3, '2022-06-22 06:05:12', '2022-06-22 06:05:12'),
(105, 29, 'Dominique Wyman', 'Neque nesciunt reprehenderit error blanditiis. Nobis rerum animi beatae quod quibusdam vel. Asperiores quidem ab possimus doloribus dolores repellendus ratione. Dignissimos corrupti qui occaecati nam. Quod cum fugiat dolor delectus quaerat praesentium et.', 0, '2022-06-22 06:05:12', '2022-06-22 06:05:12'),
(106, 148, 'Liam McCullough DVM', 'Et veniam assumenda corrupti non qui. Recusandae occaecati quam mollitia commodi et eos. Rerum consequatur delectus animi possimus ea ut quo tempora.', 5, '2022-06-22 06:05:12', '2022-06-22 06:05:12'),
(107, 11, 'Cierra Cruickshank', 'Quaerat omnis ut enim dolores sapiente voluptatem. Qui minus quidem dolore qui. Deserunt quia praesentium unde distinctio. Enim maxime placeat nesciunt et.', 0, '2022-06-22 06:05:12', '2022-06-22 06:05:12'),
(108, 92, 'Sydnee Rau', 'Eligendi animi eaque maiores sit et nostrum. Consequatur quia molestias eos quod mollitia aut perferendis. Consequatur ut labore et nobis aut facere quis quis.', 4, '2022-06-22 06:05:12', '2022-06-22 06:05:12'),
(109, 139, 'Lottie Terry DVM', 'Culpa quae excepturi et aperiam. Autem minima cum est culpa commodi. Quod voluptatibus ipsa et repudiandae omnis odio eaque.', 0, '2022-06-22 06:05:12', '2022-06-22 06:05:12'),
(110, 62, 'Prof. Shayne Hill III', 'Magnam enim velit vel sed eos. Ut dolorum deserunt enim. Fugit laboriosam quia eos rerum voluptas totam dolorum modi.', 4, '2022-06-22 06:05:12', '2022-06-22 06:05:12'),
(111, 87, 'Jayce Nienow', 'Vel porro et facilis perspiciatis aperiam quis. Et voluptate praesentium quo rerum magni perferendis aut necessitatibus. In voluptatem explicabo quo. Neque molestias mollitia id et.', 1, '2022-06-22 06:05:12', '2022-06-22 06:05:12'),
(112, 133, 'Alvena Deckow', 'Sit a similique eum nam quibusdam qui dignissimos. Possimus fugit amet sequi dolorum officia qui ullam odit. Sed vero eaque veniam porro numquam quae voluptas et. Iste harum sequi animi repellendus temporibus adipisci.', 4, '2022-06-22 06:05:12', '2022-06-22 06:05:12'),
(113, 32, 'Lyda Smitham', 'Sed sequi perferendis ut quidem vero sequi est fuga. Vel omnis eius voluptatem illum. At numquam aperiam aliquam sit. Non et facilis officiis id. Repellendus error ipsa reprehenderit accusantium.', 3, '2022-06-22 06:05:12', '2022-06-22 06:05:12'),
(114, 14, 'Kiarra Schneider', 'Veniam praesentium tempora dolores aut et in ut. Dicta rem architecto necessitatibus.', 4, '2022-06-22 06:05:12', '2022-06-22 06:05:12'),
(115, 138, 'Brayan Konopelski', 'Cum ducimus doloribus quos explicabo. Voluptatem consectetur dolorem et consequatur expedita autem assumenda. Odio quisquam eius sit ducimus molestiae sint sequi.', 2, '2022-06-22 06:05:12', '2022-06-22 06:05:12'),
(116, 122, 'Demond Senger', 'Qui dolor porro non non ipsa autem quo et. Fugit beatae repellendus molestias asperiores aut minus cumque. Dolorum labore quas officia ad aspernatur quo totam. Officia qui suscipit ut eaque et quas. Aspernatur quia fuga magnam eos et.', 3, '2022-06-22 06:05:12', '2022-06-22 06:05:12'),
(117, 118, 'Yasmin Funk', 'Culpa vero dolores aliquam impedit quas nulla. Qui vel qui illum est sequi qui doloribus dolor. Odit accusamus eligendi ut totam commodi autem quas.', 2, '2022-06-22 06:05:12', '2022-06-22 06:05:12'),
(118, 133, 'Jenifer Murray Jr.', 'Sit consequatur officia fugit cum. Ex exercitationem sed nesciunt pariatur laborum ut. In ipsa magni officia ex eum enim.', 3, '2022-06-22 06:05:12', '2022-06-22 06:05:12'),
(119, 12, 'Prof. Giovanni Conroy', 'Sequi repellat sed accusamus fuga beatae modi. Magnam nobis rerum nam molestias est. Dicta dolor nostrum sint aliquid.', 4, '2022-06-22 06:05:12', '2022-06-22 06:05:12'),
(120, 22, 'Aiden Steuber', 'Voluptate et deserunt dolorem dolor incidunt est quasi eum. Et ipsa cupiditate enim magnam eos officia magni.', 1, '2022-06-22 06:05:12', '2022-06-22 06:05:12'),
(121, 6, 'Harmon Barton V', 'Ducimus facere voluptatibus qui ut. Dolorum velit eos delectus id distinctio reiciendis. Earum repellat tenetur et aliquam. Minus quia dolorem aperiam reiciendis.', 1, '2022-06-22 06:05:12', '2022-06-22 06:05:12'),
(122, 115, 'Prof. Jarrod Grady', 'Minus dolor illum amet sunt aperiam ipsam iste dolores. Ut sed odit maiores vel sed sunt. Voluptatum aut corrupti nesciunt. Qui illum aspernatur quo minus.', 3, '2022-06-22 06:05:12', '2022-06-22 06:05:12'),
(123, 111, 'Ms. Esta Rice', 'Ex nihil laborum vel possimus. In dolor laboriosam voluptatem in veniam. Amet aut laudantium eos sed.', 1, '2022-06-22 06:05:12', '2022-06-22 06:05:12'),
(124, 61, 'Rogers Harber', 'Consequatur ut numquam libero est doloremque odit. Nulla harum molestiae voluptate. Ullam necessitatibus expedita provident hic. Ab sed eum necessitatibus.', 5, '2022-06-22 06:05:12', '2022-06-22 06:05:12'),
(125, 129, 'Sheldon Kiehn I', 'Non tenetur ad rem maxime adipisci aut. Quia cum amet consequatur qui. Ut necessitatibus blanditiis veritatis molestiae nihil rerum sint. Molestias optio et optio rerum error et.', 0, '2022-06-22 06:05:12', '2022-06-22 06:05:12'),
(126, 106, 'Woodrow White', 'Quo maxime dolorem quod id similique. Aliquid suscipit aut id est aut. Optio explicabo consectetur dolore voluptas nihil nulla quae.', 5, '2022-06-22 06:05:12', '2022-06-22 06:05:12'),
(127, 147, 'Zena Erdman', 'Officia voluptas quas dolorum porro quis. Placeat debitis cum sint aut qui dicta dolores. Ab blanditiis rerum laborum qui assumenda repudiandae. Quae qui rem aut dolor.', 4, '2022-06-22 06:05:12', '2022-06-22 06:05:12'),
(128, 62, 'Isac VonRueden', 'Quidem soluta quas hic aut eius. Aut quae dolor minus eum corporis tenetur labore. Harum culpa reiciendis quos velit fugiat ab repellendus.', 5, '2022-06-22 06:05:12', '2022-06-22 06:05:12'),
(129, 51, 'Vesta Harvey I', 'Quis voluptatem est occaecati et. Eum perspiciatis totam deserunt et magnam ut voluptate. Voluptas id fuga quisquam accusantium velit aperiam harum. Aut recusandae qui aut a consequatur.', 0, '2022-06-22 06:05:12', '2022-06-22 06:05:12'),
(130, 59, 'Breana Boehm', 'Nulla repellendus temporibus voluptas. A molestias ad laboriosam dolores sunt. Pariatur quia cupiditate distinctio eum. Earum vitae illo eveniet quam. Cupiditate et sed distinctio sed et tenetur.', 1, '2022-06-22 06:05:12', '2022-06-22 06:05:12'),
(131, 15, 'Dr. Harmon Schaefer', 'Eum ducimus autem quod architecto. Rerum delectus aut hic quisquam. Ab assumenda id cum vel veniam.', 5, '2022-06-22 06:05:12', '2022-06-22 06:05:12'),
(132, 126, 'Sigurd Klein', 'Dolorem numquam consectetur quia tempora sequi. Est qui pariatur consequuntur cumque facilis voluptatem accusantium. Quae error sint ut vitae nisi quod voluptas.', 3, '2022-06-22 06:05:12', '2022-06-22 06:05:12'),
(133, 35, 'Gertrude Beier', 'Dolores culpa odit eum et in laborum saepe. Amet dolor cum laborum nihil accusamus perspiciatis voluptate. Magni consequatur dignissimos rerum dignissimos velit animi. Quidem qui enim porro aut ut rerum.', 4, '2022-06-22 06:05:12', '2022-06-22 06:05:12'),
(134, 23, 'Mrs. Emilia Schaden', 'Quo vel et et nisi. Corrupti nulla rerum omnis nemo temporibus optio. Esse magnam quia dignissimos rem tempora inventore.', 5, '2022-06-22 06:05:12', '2022-06-22 06:05:12'),
(135, 16, 'Aiden O\'Hara', 'Est fuga itaque enim ducimus nesciunt voluptas. Commodi repellendus dignissimos expedita. Et qui similique dolorem natus.', 2, '2022-06-22 06:05:12', '2022-06-22 06:05:12'),
(136, 66, 'Gabriel Denesik', 'Quisquam vel id consequatur eum iure illo. Magnam voluptas dignissimos accusantium accusantium aliquid aut. Sit recusandae est tempora non commodi nihil. Eum aliquid porro accusamus blanditiis aut.', 3, '2022-06-22 06:05:12', '2022-06-22 06:05:12'),
(137, 73, 'Dr. Ana Hammes MD', 'In eius qui distinctio. Ex in cumque placeat laboriosam.', 3, '2022-06-22 06:05:12', '2022-06-22 06:05:12'),
(138, 147, 'Jacquelyn Hodkiewicz', 'At cum et dolor voluptatem. Reiciendis non ea omnis beatae aspernatur explicabo ab aut. Voluptates quo sed sunt eum.', 5, '2022-06-22 06:05:12', '2022-06-22 06:05:12'),
(139, 104, 'Moises Weber', 'Modi accusamus cupiditate molestiae non minima nihil. Doloribus neque deleniti qui autem. Corrupti voluptas et voluptatem facilis animi.', 2, '2022-06-22 06:05:12', '2022-06-22 06:05:12'),
(140, 116, 'Daryl Crona', 'Quae impedit dolore expedita odio. Similique in possimus laborum non eum omnis in.', 3, '2022-06-22 06:05:12', '2022-06-22 06:05:12'),
(141, 52, 'Prof. Kaleigh Moore Sr.', 'Porro suscipit assumenda magnam totam quas eius. Optio quis quo qui accusamus sed aut perspiciatis est. Aut mollitia soluta atque et labore dignissimos.', 0, '2022-06-22 06:05:12', '2022-06-22 06:05:12'),
(142, 22, 'Christiana Wisoky', 'Enim enim natus voluptatem et modi et fuga veniam. Sapiente quaerat a voluptatum ut voluptatibus et unde a. Veritatis voluptatem et minima quas ea excepturi. Mollitia aliquid omnis et.', 3, '2022-06-22 06:05:12', '2022-06-22 06:05:12'),
(143, 20, 'Woodrow Satterfield', 'Velit explicabo aut sequi deserunt provident explicabo doloremque. Deleniti optio quae aspernatur ratione qui. Quos quasi beatae omnis ipsum autem nobis.', 1, '2022-06-22 06:05:12', '2022-06-22 06:05:12'),
(144, 91, 'Antonina Beier', 'Et eligendi eos impedit iusto. Atque cupiditate ipsa enim labore ab dignissimos quod. Eius esse odit ea tenetur dolorem labore. Nesciunt rerum perspiciatis dolore a voluptatem doloremque.', 2, '2022-06-22 06:05:12', '2022-06-22 06:05:12'),
(145, 99, 'Mike Littel PhD', 'Excepturi sed porro praesentium id quasi ut placeat. Odit error dolor consequatur eius ut voluptas.', 2, '2022-06-22 06:05:12', '2022-06-22 06:05:12'),
(146, 136, 'Wallace Gorczany', 'Vel quia ducimus ut velit voluptatem assumenda nobis aut. Iure aut ut tempora nostrum. Et impedit laboriosam et et aut ex voluptatum velit.', 5, '2022-06-22 06:05:12', '2022-06-22 06:05:12'),
(147, 44, 'Archibald Friesen', 'Illo at dolorum cum assumenda. Et aut recusandae tenetur laboriosam. Aliquam ut error rerum id. Debitis qui impedit eum laboriosam illum. Dolorem iure et deserunt explicabo et.', 2, '2022-06-22 06:05:12', '2022-06-22 06:05:12'),
(148, 125, 'Celine Cartwright', 'Saepe suscipit ad autem. Ipsum aut odit itaque ipsa culpa excepturi sapiente. Sed quisquam sit beatae. Laboriosam dolore deleniti repellat aliquid fugit.', 5, '2022-06-22 06:05:12', '2022-06-22 06:05:12'),
(149, 65, 'Joaquin Bosco DDS', 'Non eligendi quo et dignissimos. Est quod laudantium minus aut et. Maxime nobis consectetur ducimus incidunt blanditiis at voluptatem. Aut qui et et omnis.', 4, '2022-06-22 06:05:12', '2022-06-22 06:05:12'),
(150, 28, 'Demarcus Swift III', 'Et nobis sit asperiores quia quia qui eos. Perspiciatis qui inventore eveniet. Quaerat quis ducimus veniam vel repellat tempore ratione. Quaerat accusamus laborum animi adipisci eos aliquid deserunt.', 2, '2022-06-22 06:05:12', '2022-06-22 06:05:12'),
(151, 86, 'Luz Waelchi', 'Voluptatem sequi laudantium eos aut nemo delectus similique. Quia dignissimos ut quisquam sit. Qui voluptatum modi assumenda velit minima aliquam excepturi.', 0, '2022-06-22 06:05:12', '2022-06-22 06:05:12'),
(152, 149, 'Kennith Feest Sr.', 'Omnis soluta voluptatem autem aut quis qui. Harum ad error ea aut sapiente ut qui. Eum incidunt odio quia aspernatur nisi omnis.', 4, '2022-06-22 06:05:12', '2022-06-22 06:05:12'),
(153, 125, 'Mrs. Emmy Wilkinson', 'Quia ducimus distinctio tempora assumenda voluptatem optio reiciendis saepe. Debitis labore nisi nostrum quibusdam debitis inventore ea. Voluptatem nesciunt repellendus consequatur aut ea.', 1, '2022-06-22 06:05:12', '2022-06-22 06:05:12'),
(154, 143, 'Miss Jeanne Auer DVM', 'Aut magnam sunt eveniet sed odit consequatur assumenda. Ad pariatur qui vero repudiandae dolore vel laboriosam. Porro tenetur veniam ducimus reiciendis. Et laboriosam provident soluta qui ipsum quasi.', 4, '2022-06-22 06:05:12', '2022-06-22 06:05:12'),
(155, 58, 'Prof. Judy McDermott', 'Reprehenderit et provident maiores voluptatem libero. Quas quasi soluta iusto a.', 5, '2022-06-22 06:05:12', '2022-06-22 06:05:12'),
(156, 150, 'Major Huel', 'Qui aperiam voluptatibus cupiditate est dolorem commodi vel. Eos magni recusandae sint molestiae. Facilis molestias et consequatur itaque veritatis.', 3, '2022-06-22 06:05:12', '2022-06-22 06:05:12'),
(157, 80, 'Ellsworth Beier V', 'Recusandae ea sint ea voluptatibus. Alias non et itaque eligendi repellendus. Voluptas consequatur id molestiae quia illum vel molestiae.', 2, '2022-06-22 06:05:12', '2022-06-22 06:05:12'),
(158, 118, 'Fredrick Kuhn', 'Vel ea et nostrum rerum veniam veniam. Velit fugiat sed velit molestiae. Deleniti nemo tempora iste aspernatur nihil rerum qui. Veritatis praesentium praesentium corrupti nihil laudantium. Id quod quis quia qui.', 2, '2022-06-22 06:05:12', '2022-06-22 06:05:12'),
(159, 83, 'Mr. Gerhard Pouros', 'Et quasi odit sunt doloribus ut eligendi cumque nihil. Soluta doloremque ut vitae voluptatem molestiae aut. Ratione aperiam consequatur et sint est.', 4, '2022-06-22 06:05:12', '2022-06-22 06:05:12'),
(160, 112, 'Justina Erdman', 'Eius nemo vero ipsum tempora voluptas animi. Assumenda architecto molestiae eos expedita. Quis ipsum eligendi incidunt.', 0, '2022-06-22 06:05:12', '2022-06-22 06:05:12'),
(161, 57, 'Dallin Rowe', 'Quia necessitatibus provident fuga quisquam blanditiis. Commodi aut enim aut dignissimos quia cum ut. Aliquam voluptatem quasi in excepturi. Omnis repellendus cumque aut suscipit.', 5, '2022-06-22 06:05:12', '2022-06-22 06:05:12'),
(162, 106, 'Prof. Wendy Dach V', 'Autem hic sit in ut atque cumque. Commodi blanditiis error sequi dolorum aut qui est nemo. Voluptatibus sit perferendis cum cumque qui placeat.', 4, '2022-06-22 06:05:12', '2022-06-22 06:05:12'),
(163, 88, 'Maudie Witting', 'Aperiam omnis omnis in voluptatem tenetur quos. Similique doloribus doloremque et. Quos quos asperiores consectetur similique consectetur. Itaque atque quis quia occaecati et.', 3, '2022-06-22 06:05:12', '2022-06-22 06:05:12'),
(164, 62, 'Mr. Vaughn Ondricka', 'Rerum expedita porro ea in et. Eum placeat eveniet optio nemo dolorem perferendis rerum. Placeat sit nihil veritatis provident.', 4, '2022-06-22 06:05:12', '2022-06-22 06:05:12'),
(165, 34, 'Mr. Don Trantow', 'Aut fugit repudiandae sapiente iusto sint velit illo. Aliquam nobis numquam reiciendis nulla sint inventore quibusdam. Soluta expedita enim et iusto autem. Dolorum quis in et et dolorum aut error nobis.', 4, '2022-06-22 06:05:12', '2022-06-22 06:05:12'),
(166, 133, 'Stan Von', 'Itaque est sequi est dolores illo blanditiis dignissimos. Neque non consequatur fugiat quia sunt corrupti adipisci. Soluta qui et laboriosam.', 3, '2022-06-22 06:05:12', '2022-06-22 06:05:12'),
(167, 27, 'Vaughn Windler', 'Nulla aliquam aut repellat labore ipsa. Eius aspernatur corporis quo rerum et. Molestiae corrupti expedita dolor dolor rem consequatur. Mollitia qui alias rem quibusdam eveniet. Fugit at esse nulla ut.', 3, '2022-06-22 06:05:12', '2022-06-22 06:05:12'),
(168, 6, 'Miss Danika Reichel', 'Tenetur facere quos ad amet. Eum quaerat sed fugiat autem quidem aperiam nihil error. Nam ut enim est at tempore tempore. Natus itaque et molestiae dignissimos.', 3, '2022-06-22 06:05:12', '2022-06-22 06:05:12'),
(169, 35, 'Dr. Brant Nolan V', 'Non non alias doloribus delectus dolor molestiae. Et animi distinctio voluptas voluptas. Accusantium quas voluptatem repellat minima.', 2, '2022-06-22 06:05:12', '2022-06-22 06:05:12'),
(170, 22, 'Raquel Kunze I', 'Voluptatem cupiditate quisquam nemo consequatur placeat nobis. Asperiores tempora unde laborum animi qui occaecati. Id in quod iste facere fuga harum.', 5, '2022-06-22 06:05:12', '2022-06-22 06:05:12'),
(171, 93, 'Prof. Wilmer Gerlach MD', 'Explicabo sit ut cumque sit. In et ipsum quam maiores occaecati incidunt. Nam error ex eligendi cum et ut vitae.', 0, '2022-06-22 06:05:12', '2022-06-22 06:05:12'),
(172, 53, 'Vilma Bahringer', 'Officia quia quia optio minus aliquid. Consequatur fuga molestias officia adipisci quod aperiam enim illo. Excepturi accusamus ipsa exercitationem quam molestiae.', 1, '2022-06-22 06:05:12', '2022-06-22 06:05:12'),
(173, 92, 'Dr. Sadye Hayes Jr.', 'Sint molestiae sed magnam fuga quas. Magnam eum quisquam aperiam eum consectetur quo. Omnis ut minima est eligendi et qui voluptatem.', 5, '2022-06-22 06:05:12', '2022-06-22 06:05:12'),
(174, 40, 'Neva Brekke', 'Enim quasi aperiam autem quod suscipit. Tempore aperiam eos recusandae repellendus ullam eaque accusantium explicabo. Et in corporis repudiandae. Iure ut voluptatem debitis et voluptatem quod consequatur alias.', 3, '2022-06-22 06:05:12', '2022-06-22 06:05:12'),
(175, 146, 'Melba Howell V', 'Aut ab impedit dolor dolor nisi. Quisquam dolores eos ab sit aut. Iste nulla deleniti sit blanditiis in. Tempore ut nemo tenetur molestiae earum beatae. Sit velit id non.', 0, '2022-06-22 06:05:12', '2022-06-22 06:05:12'),
(176, 51, 'Miss Antoinette Ziemann', 'Est est ipsum consequuntur ipsum fugit veritatis maxime. Aut officiis autem nihil error consectetur incidunt. Est asperiores quaerat quisquam a laudantium. Quas veniam libero architecto dolorem omnis dolores sit.', 1, '2022-06-22 06:05:12', '2022-06-22 06:05:12'),
(177, 29, 'Beulah Hauck', 'Accusantium mollitia et placeat voluptatem in adipisci consequatur velit. Ducimus et nihil quia itaque est. Repellendus et laudantium officia excepturi voluptatibus. Rerum aut quia unde voluptatem dolorum.', 4, '2022-06-22 06:05:12', '2022-06-22 06:05:12'),
(178, 43, 'Brett Marquardt II', 'Accusamus quisquam ea et labore et. Reprehenderit placeat saepe quos asperiores dolore voluptatem quis. Et nesciunt eaque quisquam voluptate et aliquam aperiam.', 0, '2022-06-22 06:05:12', '2022-06-22 06:05:12'),
(179, 45, 'Dr. Tiana Torphy', 'Quia rerum quod et consequatur. Dicta deleniti dolorum et. Officiis aspernatur eveniet repellendus rem exercitationem ea exercitationem. Ut ut repudiandae explicabo sed saepe nostrum. Et in similique ipsum laborum quia aliquid cupiditate.', 5, '2022-06-22 06:05:12', '2022-06-22 06:05:12'),
(180, 41, 'Justice Howell', 'Aperiam consequatur sit corporis rerum neque magni. Magnam natus velit et. Iusto accusantium laborum qui quis.', 2, '2022-06-22 06:05:12', '2022-06-22 06:05:12'),
(181, 3, 'Rose Hudson', 'Sed aliquid facilis ut rerum aut necessitatibus sunt. Placeat omnis ex magni. Aspernatur omnis commodi in quisquam sed.', 1, '2022-06-22 06:05:12', '2022-06-22 06:05:12'),
(182, 118, 'Kenna Hagenes Jr.', 'Sunt non illo nihil est alias autem sunt. Rem a ipsa eum ipsum quis ut ratione. Sunt molestiae iusto quia ea nam est. Omnis sequi velit ut.', 1, '2022-06-22 06:05:12', '2022-06-22 06:05:12'),
(183, 107, 'Mr. Cristopher Ernser Sr.', 'Nemo quia voluptatibus dolor facilis veritatis voluptatem. Dicta inventore laudantium quis quod est. Esse facilis voluptas beatae dolorem.', 2, '2022-06-22 06:05:12', '2022-06-22 06:05:12'),
(184, 62, 'Prof. Eldred Bahringer MD', 'Mollitia modi corporis commodi asperiores. Provident ducimus in occaecati modi exercitationem. Quia aut eligendi sunt libero amet voluptas. Ea voluptatibus et dolorem tenetur quae. Voluptatum vero neque harum delectus impedit.', 3, '2022-06-22 06:05:12', '2022-06-22 06:05:12'),
(185, 18, 'Renee Mann I', 'Dolorem voluptatibus in ut debitis corporis corporis eveniet. Distinctio soluta a consectetur maxime et sint. Consectetur deserunt possimus est nulla odio.', 5, '2022-06-22 06:05:12', '2022-06-22 06:05:12'),
(186, 106, 'Jovanny Quigley', 'Et voluptatem minus nihil quod. Qui deserunt ad perspiciatis illum et. Qui quaerat nihil sint a qui qui et.', 3, '2022-06-22 06:05:12', '2022-06-22 06:05:12'),
(187, 62, 'Kamron Daugherty', 'Ut iste ut et dignissimos. Dolorem sint nisi reiciendis sit. Ab perspiciatis et omnis aut.', 3, '2022-06-22 06:05:12', '2022-06-22 06:05:12'),
(188, 89, 'Icie Olson', 'Dolores autem est velit natus accusantium. Voluptates atque est magnam repudiandae.', 5, '2022-06-22 06:05:12', '2022-06-22 06:05:12'),
(189, 12, 'Prof. Lucious Konopelski III', 'Harum nemo reiciendis consequatur iusto sit dolores. Odit hic illo ea. Ea non omnis voluptatem. Sed dolorum reiciendis perspiciatis at ipsum dicta.', 1, '2022-06-22 06:05:12', '2022-06-22 06:05:12'),
(190, 149, 'Ms. Belle Hickle II', 'Tempore cum debitis dolorum voluptatibus sed occaecati quaerat. Aut fugit dolor eos incidunt est. Reprehenderit quia quas omnis ut suscipit sit mollitia doloremque.', 2, '2022-06-22 06:05:12', '2022-06-22 06:05:12'),
(191, 87, 'Mrs. Lacy Heller MD', 'Corporis eum dolorem est odio a aliquid facilis. Dolorem cumque voluptas omnis et. Sunt qui velit deleniti nemo alias similique. Accusantium eaque aut officia animi rem.', 1, '2022-06-22 06:05:12', '2022-06-22 06:05:12'),
(192, 143, 'Mr. Jarrett Bernhard I', 'Dicta quas maiores ipsa tempora iste qui. Mollitia sint vel ut sapiente animi ex qui.', 2, '2022-06-22 06:05:12', '2022-06-22 06:05:12'),
(193, 49, 'Rita Stark', 'Et inventore eum quas aut optio et. Autem eveniet ex ad nesciunt. Eos nemo vitae quam id sed omnis occaecati. Fuga consectetur quis dignissimos commodi consequuntur et.', 0, '2022-06-22 06:05:12', '2022-06-22 06:05:12'),
(194, 13, 'Loren Schmitt IV', 'Quia quae aut nobis quia in. Quos ea molestias necessitatibus eligendi asperiores occaecati ea. Aut aut aut qui doloribus rerum at iste.', 5, '2022-06-22 06:05:12', '2022-06-22 06:05:12'),
(195, 108, 'Milo Ziemann', 'Officia minus natus soluta laboriosam deleniti. Quia voluptatem sint totam. Officia rerum qui dignissimos officia. Labore doloribus vero sunt enim iure quidem dolore.', 3, '2022-06-22 06:05:12', '2022-06-22 06:05:12'),
(196, 117, 'Dr. Deanna Pfeffer', 'Est quia dolor reiciendis sequi nihil corrupti. Et quis alias in vel minus. Placeat et delectus eligendi nihil. Omnis culpa maiores dolorem ut.', 1, '2022-06-22 06:05:12', '2022-06-22 06:05:12'),
(197, 145, 'Miss Ada Mueller', 'Sed quasi consectetur ducimus est repudiandae consequatur. Consequuntur est quia voluptas eius hic temporibus eveniet commodi. Blanditiis odit dolorem maxime officia aut accusamus. Autem vitae est cum ut voluptates sit.', 5, '2022-06-22 06:05:12', '2022-06-22 06:05:12'),
(198, 63, 'Brayan Altenwerth', 'Vel ea qui mollitia aut. Porro reiciendis in nam et. Sed facilis quo fugit. Quaerat reprehenderit qui occaecati nesciunt dolore impedit. Non et ea quis officia odit modi dolores.', 2, '2022-06-22 06:05:12', '2022-06-22 06:05:12'),
(199, 15, 'Adrian Weimann', 'Cupiditate aut molestias magnam eos reiciendis quo aut. Et consequatur optio modi placeat impedit molestiae at. Dolorum odit rerum voluptate ex fugiat dicta architecto.', 1, '2022-06-22 06:05:12', '2022-06-22 06:05:12'),
(200, 130, 'Drew Larson DDS', 'Reprehenderit ut aliquid non iusto enim. Sunt exercitationem laborum unde consequuntur excepturi. Odit facere soluta cupiditate quibusdam.', 3, '2022-06-22 06:05:13', '2022-06-22 06:05:13'),
(201, 124, 'Rickey Lueilwitz', 'Earum tempora voluptatum pariatur commodi repudiandae quod. Non at eos modi ipsum voluptates voluptate aut ut. Ut quis non velit voluptatem. Consequatur est voluptatem enim in sit.', 2, '2022-06-22 06:05:13', '2022-06-22 06:05:13'),
(202, 63, 'Prof. Judy Hauck I', 'Magnam architecto quaerat ut quos iusto maxime. Ea veniam consequatur quasi mollitia. Temporibus quaerat et dignissimos assumenda quos minima.', 3, '2022-06-22 06:05:13', '2022-06-22 06:05:13'),
(203, 123, 'Conrad Crona Sr.', 'Iusto et rerum natus doloribus voluptatem. Expedita consequatur ab enim esse autem ducimus quia.', 5, '2022-06-22 06:05:13', '2022-06-22 06:05:13'),
(204, 38, 'Dora Cummerata Sr.', 'Qui tempora rerum aliquid odit consectetur. Nemo itaque perspiciatis inventore quis animi blanditiis. Deserunt neque optio facilis libero ut inventore. Sed et minima sunt.', 4, '2022-06-22 06:05:13', '2022-06-22 06:05:13'),
(205, 30, 'Emory Gulgowski', 'Inventore sed quo quasi molestias deleniti. Non hic iusto officia excepturi excepturi.', 1, '2022-06-22 06:05:13', '2022-06-22 06:05:13'),
(206, 8, 'Kassandra Wisozk', 'Molestiae dignissimos ad debitis. Consequatur deserunt id consequatur sint. Ullam quam soluta voluptatem. Eius tenetur enim dignissimos atque.', 4, '2022-06-22 06:05:13', '2022-06-22 06:05:13'),
(207, 143, 'Deonte Ernser', 'Et accusantium quia ea et eius porro ullam. Nesciunt consequuntur id rerum est sit occaecati veniam soluta. Amet id quo ut dolores.', 3, '2022-06-22 06:05:13', '2022-06-22 06:05:13'),
(208, 97, 'Miss Aniyah Murray IV', 'Est non ut ut amet libero quae ab ad. Nobis sit quidem doloribus aut.', 1, '2022-06-22 06:05:13', '2022-06-22 06:05:13'),
(209, 134, 'Lera Hansen', 'Aliquid necessitatibus repellat odio repellat et. Unde cumque illo maxime libero quod aut numquam.', 5, '2022-06-22 06:05:13', '2022-06-22 06:05:13'),
(210, 97, 'Marvin Miller', 'Accusantium est saepe delectus molestiae voluptates. Quo facilis ut vero magnam magni aperiam et harum. Itaque culpa et quam possimus enim quasi sunt consequatur. Voluptatem provident omnis incidunt recusandae quod rerum.', 5, '2022-06-22 06:05:13', '2022-06-22 06:05:13');
INSERT INTO `reviews` (`id`, `product_id`, `customer`, `review`, `star`, `created_at`, `updated_at`) VALUES
(211, 145, 'Mrs. Karianne Considine IV', 'Eum ratione aut iusto porro dolorem at. Est aut temporibus minus dolor et a. Iste nam tenetur ratione nesciunt. Consequatur quis ut explicabo nihil tenetur nulla.', 4, '2022-06-22 06:05:13', '2022-06-22 06:05:13'),
(212, 121, 'River Bins IV', 'Sint quia et magni ipsa iure. Aut quidem accusamus occaecati. Suscipit voluptatem sit dignissimos.', 4, '2022-06-22 06:05:13', '2022-06-22 06:05:13'),
(213, 139, 'Mr. Antwon Roob', 'Ipsa ut totam nihil delectus culpa delectus. A libero autem aperiam quasi optio harum minima qui. Sed voluptatem iusto nesciunt.', 4, '2022-06-22 06:05:13', '2022-06-22 06:05:13'),
(214, 129, 'Gregory Stanton PhD', 'Tempore dolor architecto voluptas reprehenderit pariatur mollitia veniam. Incidunt blanditiis quia esse saepe eligendi ut. Nulla et asperiores magni magni ducimus sed eveniet eligendi. Aperiam debitis aut sit consequatur dolorem sit.', 1, '2022-06-22 06:05:13', '2022-06-22 06:05:13'),
(215, 61, 'Westley Kling', 'Iste dolor praesentium laborum ut nulla fugit aliquam autem. Molestiae voluptas id et possimus reiciendis maiores laudantium. Consequatur velit id incidunt rerum et earum. Ipsam aut facilis aut aperiam.', 3, '2022-06-22 06:05:13', '2022-06-22 06:05:13'),
(216, 2, 'Kaylee McClure', 'Voluptatem est veniam qui voluptatem quia. Totam non autem iste exercitationem. Sed id libero adipisci iste tenetur. Aut aut accusantium nesciunt in.', 3, '2022-06-22 06:05:13', '2022-06-22 06:05:13'),
(217, 140, 'Eugene Stoltenberg', 'Voluptatem eveniet maxime dolor aut. Sequi quo magni voluptatem provident voluptatem. Pariatur assumenda quasi et temporibus dolor voluptas voluptatem vitae.', 1, '2022-06-22 06:05:13', '2022-06-22 06:05:13'),
(218, 40, 'Dr. Jettie Robel', 'Incidunt animi nostrum id placeat dolores libero distinctio. Itaque eos qui est dolores ipsum enim. Sed expedita consectetur consequatur saepe nisi. Eos enim nemo possimus nostrum esse laudantium. Similique ipsa maiores quas voluptate.', 2, '2022-06-22 06:05:13', '2022-06-22 06:05:13'),
(219, 41, 'Mrs. Felicita Hammes III', 'Quidem unde at voluptatum. Maiores blanditiis ut fuga architecto quia molestias veritatis optio. Nulla non molestiae aperiam ut iste saepe. Et itaque aspernatur omnis sint quia non placeat.', 2, '2022-06-22 06:05:13', '2022-06-22 06:05:13'),
(220, 148, 'Ms. Bridgette Lang V', 'Et modi deserunt temporibus modi numquam vel. Necessitatibus molestiae pariatur aliquam non. Vitae id sapiente eaque quo dolore est. Molestiae ipsa vel libero molestias qui.', 5, '2022-06-22 06:05:13', '2022-06-22 06:05:13'),
(221, 95, 'Ena Jacobson', 'Dolorum cumque rerum assumenda temporibus beatae et repellat. Incidunt aut illum nostrum distinctio. Impedit reprehenderit voluptatibus provident velit delectus nisi.', 2, '2022-06-22 06:05:13', '2022-06-22 06:05:13'),
(222, 49, 'Dennis Morar', 'Vel magnam ad voluptates suscipit reprehenderit voluptates. Dicta rerum fugiat voluptatem rem repudiandae corrupti. Dolorum asperiores hic reiciendis sequi veniam vero est.', 5, '2022-06-22 06:05:13', '2022-06-22 06:05:13'),
(223, 149, 'Aliya Rogahn', 'Dicta vel libero aut maiores. Qui est porro sint voluptas corporis vel. Est quasi rerum hic asperiores non.', 5, '2022-06-22 06:05:13', '2022-06-22 06:05:13'),
(224, 85, 'Miss Henriette Schneider', 'Esse dignissimos pariatur et. Ipsam nulla quasi est et. Quo blanditiis maxime et sint. Exercitationem voluptas dolorum fugiat voluptatem modi.', 3, '2022-06-22 06:05:13', '2022-06-22 06:05:13'),
(225, 33, 'Prof. Toy Barrows', 'Corporis non cum dignissimos amet. Et dolorem iste fuga et quam porro. Asperiores dolorem dolores eaque.', 1, '2022-06-22 06:05:13', '2022-06-22 06:05:13'),
(226, 112, 'Margarette Ullrich', 'Aspernatur a qui voluptatum iure. Sed aut autem tenetur omnis iste. Vero voluptas quibusdam cumque reprehenderit eum. Voluptatem maxime voluptatem provident.', 5, '2022-06-22 06:05:13', '2022-06-22 06:05:13'),
(227, 64, 'Providenci Turcotte', 'Autem soluta adipisci qui tenetur sit atque. Dolor quibusdam saepe debitis eum corporis ex quisquam consequatur. Vel aliquam nam qui dolorem et cum est nihil. Sit minus et quas quam.', 1, '2022-06-22 06:05:13', '2022-06-22 06:05:13'),
(228, 87, 'Jaime Runte', 'Vel necessitatibus aperiam architecto qui corrupti dolorum quia. Quas blanditiis et sit. Delectus est vel ab laudantium voluptas.', 4, '2022-06-22 06:05:13', '2022-06-22 06:05:13'),
(229, 69, 'Dr. Liza Strosin DDS', 'Blanditiis iusto qui expedita dignissimos rerum consequatur minus. Aspernatur voluptatem quibusdam veniam sapiente voluptas et. Magnam voluptatem eligendi necessitatibus id ipsam nulla debitis iure.', 1, '2022-06-22 06:05:13', '2022-06-22 06:05:13'),
(230, 41, 'Meggie Emmerich', 'Saepe ratione alias ut facilis modi deserunt illo. Perspiciatis quia commodi consequatur voluptatem est et quam. Excepturi delectus sit dicta enim. Molestias et eligendi sequi magnam ab. Dolores rerum omnis error voluptate minus debitis voluptatum.', 4, '2022-06-22 06:05:13', '2022-06-22 06:05:13'),
(231, 33, 'Dr. Litzy Turner', 'Dolor mollitia ipsum accusamus. Voluptas nulla nulla molestias nobis eius nisi eaque voluptas. Inventore provident numquam mollitia nobis qui. Qui voluptatem quia sit illum in deleniti eligendi.', 4, '2022-06-22 06:05:13', '2022-06-22 06:05:13'),
(232, 45, 'Prof. Tommie Murazik MD', 'Voluptatem quia consequatur quis. Provident qui nihil aut. Quasi hic culpa magni molestias nesciunt unde itaque. Possimus praesentium sit aliquam excepturi nobis quas quos.', 3, '2022-06-22 06:05:13', '2022-06-22 06:05:13'),
(233, 119, 'Melyna Mohr', 'Autem ex enim aut quis ratione adipisci ipsa. Necessitatibus neque id voluptate veritatis incidunt. Eveniet sit architecto et consectetur non dolore. Veniam magnam ducimus consequatur ut excepturi est qui.', 5, '2022-06-22 06:05:13', '2022-06-22 06:05:13'),
(234, 64, 'Thora Runolfsson', 'Ipsa eum fugit et eveniet maxime est vitae. Id dolor inventore rerum. Similique laboriosam velit esse natus deleniti voluptas numquam. Quia magnam ut ut voluptatem autem.', 2, '2022-06-22 06:05:13', '2022-06-22 06:05:13'),
(235, 62, 'Alice Bauch Jr.', 'Cum amet ut sint iure. Odio similique deserunt similique. Molestias voluptates nisi voluptate.', 0, '2022-06-22 06:05:13', '2022-06-22 06:05:13'),
(236, 61, 'Diana Schimmel IV', 'Id ipsam id nesciunt temporibus. Tempora id sit et impedit. Dolor cupiditate nihil quos inventore error non deleniti. Explicabo fugit quo magni nihil nostrum ut.', 3, '2022-06-22 06:05:13', '2022-06-22 06:05:13'),
(237, 3, 'Louvenia Rolfson Sr.', 'Totam id omnis ad at tempore. Delectus molestiae unde neque dolorum ut sed suscipit.', 0, '2022-06-22 06:05:13', '2022-06-22 06:05:13'),
(238, 74, 'Enoch Hegmann IV', 'Repudiandae est nihil quasi molestias quae. Nostrum ipsum tempora asperiores ut tenetur odio. Voluptatem voluptatem fugit rerum nobis autem et sit sed. Quod similique rerum rem saepe. Consequatur laborum excepturi unde distinctio.', 5, '2022-06-22 06:05:13', '2022-06-22 06:05:13'),
(239, 31, 'Mellie Champlin', 'Suscipit consectetur asperiores est in atque dolores. Fugiat modi quas tempora fuga. Tenetur nisi vitae cumque.', 4, '2022-06-22 06:05:13', '2022-06-22 06:05:13'),
(240, 78, 'Mr. Andres Zulauf', 'Dicta dolor voluptatem rerum ullam. Voluptatem sint aut ullam quia est. Nostrum doloremque voluptas excepturi impedit et nihil. Soluta et dolorem rerum veritatis unde.', 0, '2022-06-22 06:05:13', '2022-06-22 06:05:13'),
(241, 37, 'Prof. Berneice Rowe', 'Deleniti iste omnis fugit amet occaecati eos. Cumque id voluptatem impedit enim maxime id non. Voluptatum tempora consequatur aut molestiae hic nesciunt.', 3, '2022-06-22 06:05:13', '2022-06-22 06:05:13'),
(242, 114, 'Grayson Grimes', 'Aspernatur veritatis exercitationem ipsam ut amet repudiandae. Rem earum dolorem voluptates distinctio. Veniam vel dignissimos ipsa maxime. Blanditiis autem aut beatae dolor unde pariatur.', 5, '2022-06-22 06:05:13', '2022-06-22 06:05:13'),
(243, 29, 'Ms. Velda Langosh DDS', 'Ex beatae dolor quidem enim. Aut illo et omnis aut aliquid fugit fuga. Et eum sit voluptatem tempore esse cum.', 2, '2022-06-22 06:05:13', '2022-06-22 06:05:13'),
(244, 62, 'Maverick Schaden III', 'Et odio dolores suscipit aut. Autem ducimus ad quia dolorum. Incidunt consequatur laborum dolorem et id.', 1, '2022-06-22 06:05:13', '2022-06-22 06:05:13'),
(245, 98, 'Petra Lindgren', 'At eius magni impedit commodi aliquid est qui. Sed veritatis molestias non molestiae suscipit.', 3, '2022-06-22 06:05:13', '2022-06-22 06:05:13'),
(246, 16, 'Eda Fritsch IV', 'Facere porro aliquam saepe quibusdam sit voluptatum. Hic asperiores consequuntur dolores vero debitis. Nihil enim autem sunt sed similique vitae voluptatem. Dolore recusandae dolorem ipsa et aut.', 1, '2022-06-22 06:05:13', '2022-06-22 06:05:13'),
(247, 109, 'Susanna Mayer DVM', 'Voluptatum amet quo dolor veniam facilis voluptatem. Sapiente quia officia dicta quo impedit blanditiis. Iure est dolorum maiores eaque. Illo voluptas quisquam incidunt numquam expedita illo.', 5, '2022-06-22 06:05:13', '2022-06-22 06:05:13'),
(248, 15, 'Dimitri Kunde I', 'Animi sequi veritatis reiciendis labore et. Laudantium aliquam sit ex nihil aliquid facere qui. Nesciunt illum eos assumenda totam et praesentium.', 1, '2022-06-22 06:05:13', '2022-06-22 06:05:13'),
(249, 136, 'Clotilde Runolfsdottir', 'Ut voluptate rerum qui numquam qui. Ea quae esse praesentium voluptate minima. Porro exercitationem perferendis enim nobis exercitationem tempore possimus.', 3, '2022-06-22 06:05:13', '2022-06-22 06:05:13'),
(250, 39, 'Virgie Grimes', 'Atque earum sapiente delectus reiciendis sit minus non. Culpa voluptates veniam non modi ut est. Consequatur fuga laboriosam eligendi quo voluptatum culpa. Est aut molestias ex nostrum quo.', 5, '2022-06-22 06:05:13', '2022-06-22 06:05:13'),
(251, 9, 'Dr. Mckenzie Harvey DDS', 'Quia quas nobis aut accusamus consequuntur totam sit. Nemo quam fuga aspernatur quod excepturi. Alias sint ea omnis quasi porro. Laborum nesciunt ut velit doloremque dolor. Aut nostrum et veniam expedita modi provident qui.', 2, '2022-06-22 06:05:13', '2022-06-22 06:05:13'),
(252, 131, 'Oliver Berge', 'Saepe quod totam sapiente in nemo dignissimos voluptatem corporis. Et provident nihil eligendi iure perferendis sequi a. Quo autem voluptatem ut eum.', 0, '2022-06-22 06:05:13', '2022-06-22 06:05:13'),
(253, 113, 'Miss Paula Carter II', 'Nemo et rem unde aut et. Totam deleniti sit autem eaque exercitationem. Laboriosam quia minus quibusdam similique deserunt maiores dolorem.', 0, '2022-06-22 06:05:13', '2022-06-22 06:05:13'),
(254, 93, 'Dr. Jules Swaniawski I', 'Sit asperiores animi possimus rerum eos. Vel at vel facere id eligendi est recusandae sunt.', 4, '2022-06-22 06:05:13', '2022-06-22 06:05:13'),
(255, 122, 'Dr. Terrill Goodwin III', 'Harum qui nesciunt labore tempora minima et ullam. Labore quia reiciendis consequatur earum ut quos. Dolorem unde ipsum quisquam atque sit. Explicabo voluptas id enim accusamus voluptatem labore. Voluptatibus fuga ea architecto eveniet dolorem.', 5, '2022-06-22 06:05:13', '2022-06-22 06:05:13'),
(256, 86, 'Misael Conroy', 'Nihil quos sed a. Quia tempora tempore veniam odio. Sed ut vitae tempore voluptatem consequuntur aperiam explicabo neque. Fuga odit modi occaecati est.', 2, '2022-06-22 06:05:13', '2022-06-22 06:05:13'),
(257, 141, 'Kianna Greenfelder', 'Magnam eos ipsum et reprehenderit fugiat est nostrum. Repellat necessitatibus id et accusamus ipsum cumque sequi facilis. Voluptas quia dolorum rerum sed incidunt aut deserunt. Quas sed deleniti quia omnis et doloribus dolores.', 4, '2022-06-22 06:05:13', '2022-06-22 06:05:13'),
(258, 122, 'Ceasar Koss', 'Corrupti aut quaerat qui distinctio. Totam ipsum nisi est ipsa et. Asperiores facilis aliquam ut.', 1, '2022-06-22 06:05:13', '2022-06-22 06:05:13'),
(259, 123, 'Fatima Spinka', 'Quis iste doloribus officiis a ea voluptatibus mollitia. Aut incidunt vitae commodi inventore. Ea ab molestias dolorem ut. Veniam quisquam rerum enim aut.', 4, '2022-06-22 06:05:13', '2022-06-22 06:05:13'),
(260, 131, 'Alva Green', 'Consequatur et ea et reprehenderit rem similique. Dignissimos officiis est aspernatur asperiores consequuntur explicabo. Ut consequuntur pariatur ipsa rerum laboriosam cum. Minus assumenda dolorem nobis voluptas omnis.', 4, '2022-06-22 06:05:13', '2022-06-22 06:05:13'),
(261, 68, 'Jon Wuckert', 'Quis dolor tempore praesentium. Alias magnam ut velit quo quas accusantium. Consequuntur voluptatem eius et tempore error sit non. Voluptatem nobis pariatur maiores consequuntur ut.', 2, '2022-06-22 06:05:13', '2022-06-22 06:05:13'),
(262, 57, 'Wilhelm Bauch Jr.', 'Laudantium adipisci quia perspiciatis sint velit. Saepe et sed sint et sequi. Autem dolor aut sequi qui ipsam voluptates.', 2, '2022-06-22 06:05:13', '2022-06-22 06:05:13'),
(263, 138, 'Madonna Kuhlman II', 'Eos recusandae et quod itaque. Distinctio fuga eum voluptas eum ab ullam. Et et ducimus quas et. Omnis quia consectetur aspernatur quia recusandae.', 2, '2022-06-22 06:05:13', '2022-06-22 06:05:13'),
(264, 129, 'Prof. Eino Stark', 'Nihil quod eaque dignissimos ea. Velit accusamus non id qui numquam. Id et ut laudantium quam perspiciatis. Et repudiandae rem laudantium consequuntur ut voluptatum nostrum.', 3, '2022-06-22 06:05:13', '2022-06-22 06:05:13'),
(265, 75, 'Ethan Gutkowski', 'Sequi corporis molestiae ex nisi sequi ducimus magnam. Deleniti vel qui soluta eum. Culpa ex aperiam nemo.', 5, '2022-06-22 06:05:13', '2022-06-22 06:05:13'),
(266, 26, 'Naomi Hackett', 'Tempore quia quis magni at voluptates dolores voluptate dignissimos. Et quis recusandae ratione et fugit et. Vel recusandae consequatur et ducimus.', 0, '2022-06-22 06:05:13', '2022-06-22 06:05:13'),
(267, 102, 'Beverly Shields MD', 'Amet tempora corrupti fuga amet dolorem assumenda. Omnis sed sed mollitia necessitatibus nam. Non iure beatae facere rerum dicta deserunt sed.', 3, '2022-06-22 06:05:13', '2022-06-22 06:05:13'),
(268, 37, 'Mrs. Leslie Mayer MD', 'Quidem vitae corporis doloribus maxime quia tenetur. Amet praesentium at illum porro alias.', 5, '2022-06-22 06:05:13', '2022-06-22 06:05:13'),
(270, 87, 'Prof. Liliane Cormier', 'Maiores culpa praesentium dolores quasi aut laboriosam fugiat. Harum aspernatur atque optio minima. Est ut veniam natus impedit sit expedita non qui. Ut sunt ipsum ab ut.', 1, '2022-06-22 06:05:13', '2022-06-22 06:05:13'),
(271, 103, 'Prof. Robbie Steuber', 'Reprehenderit omnis perferendis suscipit similique ea. Sequi error consequatur nulla nisi quia. Quo quia asperiores omnis est.', 5, '2022-06-22 06:05:13', '2022-06-22 06:05:13'),
(272, 77, 'Esther Zulauf', 'Itaque nulla dolores sed eaque repellat ducimus. Aut laborum minus assumenda et eveniet. Possimus velit accusantium exercitationem et asperiores quod. Sunt minima qui quas ex laborum architecto. Inventore corporis qui facilis et quia omnis.', 0, '2022-06-22 06:05:13', '2022-06-22 06:05:13'),
(273, 85, 'Miss Ashly Powlowski', 'Totam commodi doloribus est numquam iusto possimus libero aliquid. Voluptatem provident aut voluptatem fugit. Accusantium nisi dicta suscipit nesciunt sint dolor. Fuga ad eos officia omnis.', 1, '2022-06-22 06:05:13', '2022-06-22 06:05:13'),
(274, 93, 'Adele Fadel', 'Voluptatem autem quia quos. Eum quia veritatis laboriosam laudantium minus. Odio facere corrupti architecto est libero nihil vel. Exercitationem ullam ipsam dolores eius.', 4, '2022-06-22 06:05:13', '2022-06-22 06:05:13'),
(275, 61, 'Dr. Larry Carroll', 'Ea vitae odio vel nemo et. Nihil voluptatem tenetur iste dignissimos exercitationem aliquam. Vitae nobis qui dolorem sint est molestias ut. Et voluptates quis rerum autem beatae aut.', 3, '2022-06-22 06:05:13', '2022-06-22 06:05:13'),
(276, 59, 'Elisabeth Turcotte', 'Vel ipsum quaerat natus error fugiat similique temporibus. Dolorem eligendi velit dolores id. Non unde accusamus est ad hic quia molestias est. Fugiat minus soluta expedita.', 2, '2022-06-22 06:05:13', '2022-06-22 06:05:13'),
(277, 69, 'Mrs. Ashleigh Hyatt IV', 'Corporis corporis vel est nisi excepturi est minus. Dolores quod amet cumque quibusdam omnis qui a. Sunt officia excepturi optio aliquid impedit possimus aut officiis. Maxime error ab et soluta doloremque harum magnam asperiores. Ducimus beatae in aut ut ut est.', 2, '2022-06-22 06:05:13', '2022-06-22 06:05:13'),
(278, 6, 'Ora Ruecker', 'Non qui corrupti quibusdam veniam nulla. Odio et impedit nihil aut. Inventore et unde earum pariatur sint sint.', 4, '2022-06-22 06:05:13', '2022-06-22 06:05:13'),
(279, 106, 'Dr. Halie Hermiston II', 'Nulla expedita ullam sed quaerat occaecati velit possimus. Saepe non sapiente iusto maiores provident saepe. Libero et qui ex veniam distinctio totam maxime distinctio.', 2, '2022-06-22 06:05:13', '2022-06-22 06:05:13'),
(280, 48, 'Mr. Dallas Dach Jr.', 'Odit animi veritatis et esse dolore qui. Culpa velit temporibus placeat eligendi ut est dignissimos.', 4, '2022-06-22 06:05:13', '2022-06-22 06:05:13'),
(281, 132, 'Douglas Gottlieb I', 'Vitae laboriosam perspiciatis iure ut eius sapiente non. Ab sed qui magnam ad.', 5, '2022-06-22 06:05:13', '2022-06-22 06:05:13'),
(282, 51, 'Jaquan Braun DDS', 'Et possimus dignissimos iste qui error. Soluta enim temporibus adipisci assumenda voluptatem enim fuga nihil. Voluptatem culpa iusto quo rem eveniet distinctio veniam. Tenetur voluptas qui et quibusdam id ex repellendus. Sit quia accusantium ut nobis temporibus.', 3, '2022-06-22 06:05:13', '2022-06-22 06:05:13'),
(283, 51, 'Shawn Yundt', 'Voluptas quisquam deleniti quod molestiae. Culpa repellat sed sed et expedita laborum odit. Sit quo aliquam omnis dolorem rerum placeat aliquam. Optio voluptatum rerum est doloribus.', 3, '2022-06-22 06:05:13', '2022-06-22 06:05:13'),
(284, 61, 'Bret King', 'Ipsa itaque rerum dolorem rem voluptatem. Omnis veniam sint excepturi et accusamus soluta sint doloribus. Necessitatibus ipsa earum vitae iure nostrum nulla est in. Magni et quisquam qui ex sequi nulla.', 1, '2022-06-22 06:05:13', '2022-06-22 06:05:13'),
(285, 101, 'Jack Pacocha', 'Sed minima aut libero necessitatibus sunt non omnis. Dolorem pariatur eum vel atque dolorum. Sint voluptates sit iusto et cum.', 1, '2022-06-22 06:05:13', '2022-06-22 06:05:13'),
(286, 74, 'Ophelia Hyatt', 'Ut reprehenderit eius amet consequuntur neque unde. Quas cupiditate quasi aut sit. Illo aperiam vero magnam asperiores. Voluptas accusantium odio illum eius.', 5, '2022-06-22 06:05:13', '2022-06-22 06:05:13'),
(287, 23, 'Marty Abshire', 'Rem officia dolorem quia non laborum voluptas. Qui accusamus enim iusto magni. Ut vitae nihil placeat sunt eum voluptates dolore cumque.', 2, '2022-06-22 06:05:13', '2022-06-22 06:05:13'),
(288, 3, 'Delta Boyer V', 'Aut et illum velit dolor sunt qui. Repudiandae qui et in pariatur possimus atque. Veritatis cum ex magnam et. Ut ut et officiis aut.', 2, '2022-06-22 06:05:13', '2022-06-22 06:05:13'),
(289, 19, 'Daniela Rempel', 'Velit voluptas et culpa mollitia. Ea impedit suscipit qui quod nesciunt. Incidunt doloribus consectetur dignissimos ex quod quisquam. Omnis ducimus qui animi.', 1, '2022-06-22 06:05:13', '2022-06-22 06:05:13'),
(290, 38, 'Keshaun Goldner', 'Repellat dolores vel quia in quibusdam. Reprehenderit aspernatur nihil sit autem nobis possimus illum est. Accusantium blanditiis voluptatem reiciendis ea error.', 2, '2022-06-22 06:05:13', '2022-06-22 06:05:13'),
(291, 104, 'Amber Veum III', 'Non et omnis dolor qui consequatur sit consectetur. Asperiores fugit quia quisquam assumenda. Est qui dolorem molestias deleniti ullam ex repellat.', 4, '2022-06-22 06:05:13', '2022-06-22 06:05:13'),
(292, 22, 'Steve Parisian', 'Nobis a tempora voluptatem atque aut. Ut dolor magni omnis animi aspernatur aliquid consequatur. Suscipit laboriosam voluptas nesciunt velit et.', 3, '2022-06-22 06:05:13', '2022-06-22 06:05:13'),
(293, 106, 'Miss Justina Feest', 'Ipsam nam ipsa alias veniam maiores veritatis. Deleniti tempora consequatur molestiae.', 1, '2022-06-22 06:05:13', '2022-06-22 06:05:13'),
(294, 113, 'Elaina Jones', 'Laudantium iure nihil velit aspernatur sint. Sed eos modi placeat vero. Aut sunt laudantium deleniti voluptatem maxime nobis.', 2, '2022-06-22 06:05:13', '2022-06-22 06:05:13'),
(295, 67, 'River Kerluke DDS', 'Atque consequatur cum dolorem nemo mollitia non ea. Ullam aut blanditiis similique repudiandae eligendi. Atque repellat consequuntur adipisci aspernatur voluptatum.', 5, '2022-06-22 06:05:13', '2022-06-22 06:05:13'),
(296, 17, 'Jessy Leannon', 'Consequatur et debitis asperiores reiciendis blanditiis autem pariatur. Est fuga velit dolore doloremque. Occaecati dignissimos ducimus qui dicta harum praesentium. Reiciendis quia error est veritatis esse placeat in. Exercitationem ad quia dolor enim explicabo consequatur.', 2, '2022-06-22 06:05:13', '2022-06-22 06:05:13'),
(297, 15, 'Florencio Reichert', 'Et non dolores voluptatem atque in quos. Dolores sit fuga non molestiae quam doloremque aut quis. Consectetur veniam necessitatibus excepturi alias inventore.', 3, '2022-06-22 06:05:13', '2022-06-22 06:05:13'),
(298, 118, 'Camille Rau', 'Inventore et ullam quia necessitatibus. Molestias nihil repellendus corporis autem et. Quo molestiae veritatis praesentium voluptas excepturi quam perferendis sint. Eos praesentium perspiciatis quae tempore est voluptatem nobis ut.', 0, '2022-06-22 06:05:13', '2022-06-22 06:05:13'),
(299, 38, 'Alvina Hand', 'Incidunt ut laborum qui corrupti mollitia non nemo. Aut non qui magni nobis autem. Corporis quae ducimus quas aperiam laboriosam facilis nostrum. Fugit in voluptas fugiat rerum.', 4, '2022-06-22 06:05:13', '2022-06-22 06:05:13'),
(300, 55, 'Kaia Nikolaus', 'Aspernatur iusto ut ea dolores rem eveniet iusto. Illum praesentium temporibus voluptatem ut dolore. Ipsa natus in nobis nam eaque neque esse.', 1, '2022-06-22 06:05:13', '2022-06-22 06:05:13'),
(301, 40, 'New namw', 'This is my review', 1, '2022-06-24 14:24:03', '2022-06-24 14:24:03'),
(302, 40, 'New namw', 'This is my review', 1, '2022-06-24 14:25:18', '2022-06-24 14:25:18');

-- --------------------------------------------------------

--
-- Table structure for table `users`
--

CREATE TABLE `users` (
  `id` bigint(20) UNSIGNED NOT NULL,
  `name` varchar(255) COLLATE utf8mb4_unicode_ci NOT NULL,
  `email` varchar(255) COLLATE utf8mb4_unicode_ci NOT NULL,
  `email_verified_at` timestamp NULL DEFAULT NULL,
  `password` varchar(255) COLLATE utf8mb4_unicode_ci NOT NULL,
  `remember_token` varchar(100) COLLATE utf8mb4_unicode_ci DEFAULT NULL,
  `created_at` timestamp NULL DEFAULT NULL,
  `updated_at` timestamp NULL DEFAULT NULL
) ENGINE=InnoDB DEFAULT CHARSET=utf8mb4 COLLATE=utf8mb4_unicode_ci;

--
-- Dumping data for table `users`
--

INSERT INTO `users` (`id`, `name`, `email`, `email_verified_at`, `password`, `remember_token`, `created_at`, `updated_at`) VALUES
(1, 'Isaiah Vandervort III', 'fabiola.fay@example.net', '2022-06-21 09:25:57', '$2y$10$92IXUNpkjO0rOQ5byMi.Ye4oKoEa3Ro9llC/.og/at2.uheWG/igi', 'Xu8ttKqztj', '2022-06-21 09:25:57', '2022-06-21 09:25:57'),
(2, 'Mr. Dorcas Vandervort II', 'demond.damore@example.org', '2022-06-21 09:25:57', '$2y$10$92IXUNpkjO0rOQ5byMi.Ye4oKoEa3Ro9llC/.og/at2.uheWG/igi', 'VO08EiD3kT', '2022-06-21 09:25:57', '2022-06-21 09:25:57'),
(3, 'Dr. Carmelo Kirlin', 'hhill@example.net', '2022-06-21 09:25:57', '$2y$10$92IXUNpkjO0rOQ5byMi.Ye4oKoEa3Ro9llC/.og/at2.uheWG/igi', 'K146PYtvKE', '2022-06-21 09:25:57', '2022-06-21 09:25:57'),
(4, 'Amparo Mann PhD', 'penelope.weissnat@example.com', '2022-06-21 09:25:57', '$2y$10$92IXUNpkjO0rOQ5byMi.Ye4oKoEa3Ro9llC/.og/at2.uheWG/igi', '0FwjRnDrWP', '2022-06-21 09:25:57', '2022-06-21 09:25:57'),
(5, 'Cale Schulist', 'denesik.francesco@example.net', '2022-06-21 09:25:57', '$2y$10$92IXUNpkjO0rOQ5byMi.Ye4oKoEa3Ro9llC/.og/at2.uheWG/igi', 'KqYJyAs5Mm', '2022-06-21 09:25:57', '2022-06-21 09:25:57'),
(6, 'Kattie Tremblay III', 'rodrigo52@example.org', '2022-06-21 09:25:57', '$2y$10$92IXUNpkjO0rOQ5byMi.Ye4oKoEa3Ro9llC/.og/at2.uheWG/igi', '3hk3rs2NwG', '2022-06-21 09:25:57', '2022-06-21 09:25:57'),
(7, 'Dr. Boris Schultz V', 'ryan.vivianne@example.net', '2022-06-21 09:25:57', '$2y$10$92IXUNpkjO0rOQ5byMi.Ye4oKoEa3Ro9llC/.og/at2.uheWG/igi', 'Km1EXW0uve', '2022-06-21 09:25:57', '2022-06-21 09:25:57'),
(8, 'Leola Swift', 'klein.tom@example.net', '2022-06-21 09:25:57', '$2y$10$92IXUNpkjO0rOQ5byMi.Ye4oKoEa3Ro9llC/.og/at2.uheWG/igi', 'mbcIcFzVCk', '2022-06-21 09:25:57', '2022-06-21 09:25:57'),
(9, 'Elva Wunsch', 'swilkinson@example.com', '2022-06-21 09:25:57', '$2y$10$92IXUNpkjO0rOQ5byMi.Ye4oKoEa3Ro9llC/.og/at2.uheWG/igi', 'OjN9GssHZo', '2022-06-21 09:25:57', '2022-06-21 09:25:57'),
(10, 'Jovany Stokes', 'richmond21@example.com', '2022-06-21 09:25:57', '$2y$10$92IXUNpkjO0rOQ5byMi.Ye4oKoEa3Ro9llC/.og/at2.uheWG/igi', '8WK2GZ5MCR', '2022-06-21 09:25:57', '2022-06-21 09:25:57'),
(11, 'Camille Johnson', 'estrella87@example.com', '2022-06-21 09:26:45', '$2y$10$92IXUNpkjO0rOQ5byMi.Ye4oKoEa3Ro9llC/.og/at2.uheWG/igi', 'fZUDbQl7Gc', '2022-06-21 09:26:45', '2022-06-21 09:26:45'),
(12, 'Ms. Krystina Rohan III', 'mmueller@example.org', '2022-06-21 09:26:45', '$2y$10$92IXUNpkjO0rOQ5byMi.Ye4oKoEa3Ro9llC/.og/at2.uheWG/igi', '7wRGsaADac', '2022-06-21 09:26:45', '2022-06-21 09:26:45'),
(13, 'Laurel Walsh', 'gracie.johns@example.org', '2022-06-21 09:26:45', '$2y$10$92IXUNpkjO0rOQ5byMi.Ye4oKoEa3Ro9llC/.og/at2.uheWG/igi', 'OHIcgCVWSA', '2022-06-21 09:26:45', '2022-06-21 09:26:45'),
(14, 'Leola Macejkovic', 'jannie83@example.org', '2022-06-21 09:26:45', '$2y$10$92IXUNpkjO0rOQ5byMi.Ye4oKoEa3Ro9llC/.og/at2.uheWG/igi', 'gdXS9KfIxw', '2022-06-21 09:26:45', '2022-06-21 09:26:45'),
(15, 'Davion Dietrich', 'donnelly.lucy@example.net', '2022-06-21 09:26:45', '$2y$10$92IXUNpkjO0rOQ5byMi.Ye4oKoEa3Ro9llC/.og/at2.uheWG/igi', 'hezIx01kPo', '2022-06-21 09:26:45', '2022-06-21 09:26:45'),
(16, 'Dr. Evan Leannon', 'alexa.effertz@example.net', '2022-06-21 09:26:45', '$2y$10$92IXUNpkjO0rOQ5byMi.Ye4oKoEa3Ro9llC/.og/at2.uheWG/igi', 'gPc1WqpwIF', '2022-06-21 09:26:45', '2022-06-21 09:26:45'),
(17, 'Elsie Ratke', 'hyatt.joaquin@example.org', '2022-06-21 09:26:45', '$2y$10$92IXUNpkjO0rOQ5byMi.Ye4oKoEa3Ro9llC/.og/at2.uheWG/igi', 'BCt7SU4wDQ', '2022-06-21 09:26:45', '2022-06-21 09:26:45'),
(18, 'Harmony Zboncak', 'preichert@example.net', '2022-06-21 09:26:45', '$2y$10$92IXUNpkjO0rOQ5byMi.Ye4oKoEa3Ro9llC/.og/at2.uheWG/igi', 'R09KXGQSx2', '2022-06-21 09:26:45', '2022-06-21 09:26:45'),
(19, 'Haley Huel', 'maximillian.williamson@example.com', '2022-06-21 09:26:45', '$2y$10$92IXUNpkjO0rOQ5byMi.Ye4oKoEa3Ro9llC/.og/at2.uheWG/igi', '7VmZxcuruf', '2022-06-21 09:26:45', '2022-06-21 09:26:45'),
(20, 'Samanta Ward', 'tyshawn93@example.net', '2022-06-21 09:26:45', '$2y$10$92IXUNpkjO0rOQ5byMi.Ye4oKoEa3Ro9llC/.og/at2.uheWG/igi', 'pEx97IGk97', '2022-06-21 09:26:45', '2022-06-21 09:26:45'),
(21, 'Ova Walsh', 'dario.thompson@example.org', '2022-06-22 06:01:49', '$2y$10$92IXUNpkjO0rOQ5byMi.Ye4oKoEa3Ro9llC/.og/at2.uheWG/igi', 'AOH6OqmEtb', '2022-06-22 06:01:49', '2022-06-22 06:01:49'),
(22, 'Leta Nienow', 'pokuneva@example.org', '2022-06-22 06:01:49', '$2y$10$92IXUNpkjO0rOQ5byMi.Ye4oKoEa3Ro9llC/.og/at2.uheWG/igi', 'lDh2ZB7yhO', '2022-06-22 06:01:49', '2022-06-22 06:01:49'),
(23, 'Leslie Steuber', 'ethyl95@example.net', '2022-06-22 06:01:49', '$2y$10$92IXUNpkjO0rOQ5byMi.Ye4oKoEa3Ro9llC/.og/at2.uheWG/igi', 'wetRUUqsgH', '2022-06-22 06:01:49', '2022-06-22 06:01:49'),
(24, 'Chelsey Leuschke', 'keebler.terrence@example.org', '2022-06-22 06:01:49', '$2y$10$92IXUNpkjO0rOQ5byMi.Ye4oKoEa3Ro9llC/.og/at2.uheWG/igi', 'PEclBuVHhe', '2022-06-22 06:01:49', '2022-06-22 06:01:49'),
(25, 'Mrs. Amber Klein Sr.', 'melyssa36@example.net', '2022-06-22 06:01:49', '$2y$10$92IXUNpkjO0rOQ5byMi.Ye4oKoEa3Ro9llC/.og/at2.uheWG/igi', 'TB2kQwA3Lw', '2022-06-22 06:01:49', '2022-06-22 06:01:49'),
(26, 'Kenya Yost', 'dkassulke@example.org', '2022-06-22 06:01:49', '$2y$10$92IXUNpkjO0rOQ5byMi.Ye4oKoEa3Ro9llC/.og/at2.uheWG/igi', '2mguLKrQtu', '2022-06-22 06:01:49', '2022-06-22 06:01:49'),
(27, 'Miss Annabelle Krajcik', 'gerardo.ratke@example.net', '2022-06-22 06:01:49', '$2y$10$92IXUNpkjO0rOQ5byMi.Ye4oKoEa3Ro9llC/.og/at2.uheWG/igi', 'vTOzxwvfIm', '2022-06-22 06:01:49', '2022-06-22 06:01:49'),
(28, 'Prof. Kathlyn Konopelski', 'zetta.roberts@example.net', '2022-06-22 06:01:49', '$2y$10$92IXUNpkjO0rOQ5byMi.Ye4oKoEa3Ro9llC/.og/at2.uheWG/igi', 'SzRelaPdKQ', '2022-06-22 06:01:49', '2022-06-22 06:01:49'),
(29, 'Providenci Turcotte', 'wstokes@example.org', '2022-06-22 06:01:49', '$2y$10$92IXUNpkjO0rOQ5byMi.Ye4oKoEa3Ro9llC/.og/at2.uheWG/igi', '1f51WxiBNA', '2022-06-22 06:01:49', '2022-06-22 06:01:49'),
(30, 'Earnestine Miller', 'bashirian.elijah@example.com', '2022-06-22 06:01:49', '$2y$10$92IXUNpkjO0rOQ5byMi.Ye4oKoEa3Ro9llC/.og/at2.uheWG/igi', 'gS1BPcvaE2', '2022-06-22 06:01:49', '2022-06-22 06:01:49'),
(31, 'Prof. Madaline Braun PhD', 'bailey.virginia@example.com', '2022-06-22 06:02:58', '$2y$10$92IXUNpkjO0rOQ5byMi.Ye4oKoEa3Ro9llC/.og/at2.uheWG/igi', 'QUWxfqEPoy', '2022-06-22 06:02:58', '2022-06-22 06:02:58'),
(32, 'Hassan Bauch', 'francesca67@example.com', '2022-06-22 06:02:58', '$2y$10$92IXUNpkjO0rOQ5byMi.Ye4oKoEa3Ro9llC/.og/at2.uheWG/igi', 'l6lnM4QyeQ', '2022-06-22 06:02:58', '2022-06-22 06:02:58'),
(33, 'Sigurd Haley', 'waters.lenora@example.com', '2022-06-22 06:02:58', '$2y$10$92IXUNpkjO0rOQ5byMi.Ye4oKoEa3Ro9llC/.og/at2.uheWG/igi', '5M89G8STjt', '2022-06-22 06:02:58', '2022-06-22 06:02:58'),
(34, 'Brice Breitenberg PhD', 'yost.cristopher@example.org', '2022-06-22 06:02:58', '$2y$10$92IXUNpkjO0rOQ5byMi.Ye4oKoEa3Ro9llC/.og/at2.uheWG/igi', 'r6XweVDPxL', '2022-06-22 06:02:58', '2022-06-22 06:02:58'),
(35, 'Marisol Maggio', 'ferne89@example.net', '2022-06-22 06:02:58', '$2y$10$92IXUNpkjO0rOQ5byMi.Ye4oKoEa3Ro9llC/.og/at2.uheWG/igi', 'sA5hSOnmxg', '2022-06-22 06:02:58', '2022-06-22 06:02:58'),
(36, 'Mr. Blake Padberg Sr.', 'arutherford@example.net', '2022-06-22 06:02:58', '$2y$10$92IXUNpkjO0rOQ5byMi.Ye4oKoEa3Ro9llC/.og/at2.uheWG/igi', 'PnoU6Wuf0p', '2022-06-22 06:02:58', '2022-06-22 06:02:58'),
(37, 'Chase Greenfelder', 'carson76@example.org', '2022-06-22 06:02:58', '$2y$10$92IXUNpkjO0rOQ5byMi.Ye4oKoEa3Ro9llC/.og/at2.uheWG/igi', 'NBZadSAtzt', '2022-06-22 06:02:58', '2022-06-22 06:02:58'),
(38, 'Corrine Strosin', 'hspencer@example.org', '2022-06-22 06:02:58', '$2y$10$92IXUNpkjO0rOQ5byMi.Ye4oKoEa3Ro9llC/.og/at2.uheWG/igi', 'EivxagJ9xy', '2022-06-22 06:02:58', '2022-06-22 06:02:58'),
(39, 'Amina Roob', 'ima97@example.org', '2022-06-22 06:02:58', '$2y$10$92IXUNpkjO0rOQ5byMi.Ye4oKoEa3Ro9llC/.og/at2.uheWG/igi', '6fVhPbuaJJ', '2022-06-22 06:02:58', '2022-06-22 06:02:58'),
(40, 'Collin Padberg MD', 'deion72@example.net', '2022-06-22 06:02:58', '$2y$10$92IXUNpkjO0rOQ5byMi.Ye4oKoEa3Ro9llC/.og/at2.uheWG/igi', 'AIvhWj88Pr', '2022-06-22 06:02:58', '2022-06-22 06:02:58'),
(41, 'Reuben Rodriguez', 'mlind@example.net', '2022-06-22 06:04:18', '$2y$10$92IXUNpkjO0rOQ5byMi.Ye4oKoEa3Ro9llC/.og/at2.uheWG/igi', 'whaZfOM8xS', '2022-06-22 06:04:18', '2022-06-22 06:04:18'),
(42, 'Prof. Weston Tromp', 'teresa.waters@example.net', '2022-06-22 06:04:18', '$2y$10$92IXUNpkjO0rOQ5byMi.Ye4oKoEa3Ro9llC/.og/at2.uheWG/igi', 'KEWI1ENJYV', '2022-06-22 06:04:18', '2022-06-22 06:04:18'),
(43, 'Rosetta Schmitt IV', 'delphine87@example.com', '2022-06-22 06:04:18', '$2y$10$92IXUNpkjO0rOQ5byMi.Ye4oKoEa3Ro9llC/.og/at2.uheWG/igi', '9NYtqe0SbD', '2022-06-22 06:04:18', '2022-06-22 06:04:18'),
(44, 'Dawson Feeney', 'xdooley@example.net', '2022-06-22 06:04:18', '$2y$10$92IXUNpkjO0rOQ5byMi.Ye4oKoEa3Ro9llC/.og/at2.uheWG/igi', 'Pne3fsQQQs', '2022-06-22 06:04:18', '2022-06-22 06:04:18'),
(45, 'Dr. Holden Eichmann MD', 'keebler.jovani@example.org', '2022-06-22 06:04:18', '$2y$10$92IXUNpkjO0rOQ5byMi.Ye4oKoEa3Ro9llC/.og/at2.uheWG/igi', 'a2pHxep4if', '2022-06-22 06:04:18', '2022-06-22 06:04:18'),
(46, 'Ms. Keara Aufderhar', 'katelin.brown@example.net', '2022-06-22 06:04:18', '$2y$10$92IXUNpkjO0rOQ5byMi.Ye4oKoEa3Ro9llC/.og/at2.uheWG/igi', 'uNZeLHUHtz', '2022-06-22 06:04:18', '2022-06-22 06:04:18'),
(47, 'Leopold Orn V', 'ladarius.kshlerin@example.org', '2022-06-22 06:04:18', '$2y$10$92IXUNpkjO0rOQ5byMi.Ye4oKoEa3Ro9llC/.og/at2.uheWG/igi', 'XRM2rvXBaQ', '2022-06-22 06:04:18', '2022-06-22 06:04:18'),
(48, 'Flavie Daugherty IV', 'edmond17@example.org', '2022-06-22 06:04:18', '$2y$10$92IXUNpkjO0rOQ5byMi.Ye4oKoEa3Ro9llC/.og/at2.uheWG/igi', 'JSlMXGupIe', '2022-06-22 06:04:18', '2022-06-22 06:04:18'),
(49, 'Gabriella Rath', 'naomie36@example.net', '2022-06-22 06:04:18', '$2y$10$92IXUNpkjO0rOQ5byMi.Ye4oKoEa3Ro9llC/.og/at2.uheWG/igi', 'IwqtG9dTu1', '2022-06-22 06:04:18', '2022-06-22 06:04:18'),
(50, 'Queen Stamm', 'chesley65@example.org', '2022-06-22 06:04:18', '$2y$10$92IXUNpkjO0rOQ5byMi.Ye4oKoEa3Ro9llC/.og/at2.uheWG/igi', 'DrD1VA1IK2', '2022-06-22 06:04:18', '2022-06-22 06:04:18'),
(51, 'Briana Wisozk', 'thora57@example.net', '2022-06-22 06:05:10', '$2y$10$92IXUNpkjO0rOQ5byMi.Ye4oKoEa3Ro9llC/.og/at2.uheWG/igi', '48o77I0jQ9', '2022-06-22 06:05:10', '2022-06-22 06:05:10'),
(52, 'Dorcas Rau', 'marcella38@example.net', '2022-06-22 06:05:10', '$2y$10$92IXUNpkjO0rOQ5byMi.Ye4oKoEa3Ro9llC/.og/at2.uheWG/igi', 'bue3OWumsb', '2022-06-22 06:05:10', '2022-06-22 06:05:10'),
(53, 'Ona Watsica MD', 'zachariah36@example.org', '2022-06-22 06:05:10', '$2y$10$92IXUNpkjO0rOQ5byMi.Ye4oKoEa3Ro9llC/.og/at2.uheWG/igi', 'z6cMfaEFNd', '2022-06-22 06:05:10', '2022-06-22 06:05:10'),
(54, 'Evan Moore', 'beier.carissa@example.net', '2022-06-22 06:05:10', '$2y$10$92IXUNpkjO0rOQ5byMi.Ye4oKoEa3Ro9llC/.og/at2.uheWG/igi', 'mQFShqpjmk', '2022-06-22 06:05:10', '2022-06-22 06:05:10'),
(55, 'Timmothy Hickle', 'vernie02@example.com', '2022-06-22 06:05:10', '$2y$10$92IXUNpkjO0rOQ5byMi.Ye4oKoEa3Ro9llC/.og/at2.uheWG/igi', 'aV6OZGZtKr', '2022-06-22 06:05:10', '2022-06-22 06:05:10'),
(56, 'Dean Howe', 'greichel@example.org', '2022-06-22 06:05:10', '$2y$10$92IXUNpkjO0rOQ5byMi.Ye4oKoEa3Ro9llC/.og/at2.uheWG/igi', 'GKC2RP0GHa', '2022-06-22 06:05:10', '2022-06-22 06:05:10'),
(57, 'Trent Schuster', 'jordi.stanton@example.net', '2022-06-22 06:05:10', '$2y$10$92IXUNpkjO0rOQ5byMi.Ye4oKoEa3Ro9llC/.og/at2.uheWG/igi', 'Id4Ls6dbJW', '2022-06-22 06:05:10', '2022-06-22 06:05:10'),
(58, 'Camylle Kozey', 'dell66@example.com', '2022-06-22 06:05:10', '$2y$10$92IXUNpkjO0rOQ5byMi.Ye4oKoEa3Ro9llC/.og/at2.uheWG/igi', 'CykxTqOYNL', '2022-06-22 06:05:10', '2022-06-22 06:05:10'),
(59, 'Isom Price', 'jacey.haley@example.net', '2022-06-22 06:05:10', '$2y$10$92IXUNpkjO0rOQ5byMi.Ye4oKoEa3Ro9llC/.og/at2.uheWG/igi', 'Pq1FevTkoC', '2022-06-22 06:05:10', '2022-06-22 06:05:10'),
(60, 'Jena Jenkins', 'percival59@example.com', '2022-06-22 06:05:10', '$2y$10$92IXUNpkjO0rOQ5byMi.Ye4oKoEa3Ro9llC/.og/at2.uheWG/igi', 'oicCpPH7Fg', '2022-06-22 06:05:10', '2022-06-22 06:05:10'),
(61, 'Name', 'myname@myname.com', NULL, '$2y$10$J.O716iCU5xoFV4.AvcWk.PrugHXgqkXo.KLsmGXB8VMJdwX0fDEi', NULL, '2022-06-23 10:27:42', '2022-06-23 10:27:42');

--
-- Indexes for dumped tables
--

--
-- Indexes for table `failed_jobs`
--
ALTER TABLE `failed_jobs`
  ADD PRIMARY KEY (`id`),
  ADD UNIQUE KEY `failed_jobs_uuid_unique` (`uuid`);

--
-- Indexes for table `migrations`
--
ALTER TABLE `migrations`
  ADD PRIMARY KEY (`id`);

--
-- Indexes for table `oauth_access_tokens`
--
ALTER TABLE `oauth_access_tokens`
  ADD PRIMARY KEY (`id`),
  ADD KEY `oauth_access_tokens_user_id_index` (`user_id`);

--
-- Indexes for table `oauth_auth_codes`
--
ALTER TABLE `oauth_auth_codes`
  ADD PRIMARY KEY (`id`),
  ADD KEY `oauth_auth_codes_user_id_index` (`user_id`);

--
-- Indexes for table `oauth_clients`
--
ALTER TABLE `oauth_clients`
  ADD PRIMARY KEY (`id`),
  ADD KEY `oauth_clients_user_id_index` (`user_id`);

--
-- Indexes for table `oauth_personal_access_clients`
--
ALTER TABLE `oauth_personal_access_clients`
  ADD PRIMARY KEY (`id`);

--
-- Indexes for table `oauth_refresh_tokens`
--
ALTER TABLE `oauth_refresh_tokens`
  ADD PRIMARY KEY (`id`),
  ADD KEY `oauth_refresh_tokens_access_token_id_index` (`access_token_id`);

--
-- Indexes for table `password_resets`
--
ALTER TABLE `password_resets`
  ADD KEY `password_resets_email_index` (`email`);

--
-- Indexes for table `personal_access_tokens`
--
ALTER TABLE `personal_access_tokens`
  ADD PRIMARY KEY (`id`),
  ADD UNIQUE KEY `personal_access_tokens_token_unique` (`token`),
  ADD KEY `personal_access_tokens_tokenable_type_tokenable_id_index` (`tokenable_type`,`tokenable_id`);

--
-- Indexes for table `products`
--
ALTER TABLE `products`
  ADD PRIMARY KEY (`id`),
  ADD KEY `products_user_id_index` (`user_id`);

--
-- Indexes for table `reviews`
--
ALTER TABLE `reviews`
  ADD PRIMARY KEY (`id`),
  ADD KEY `reviews_product_id_index` (`product_id`);

--
-- Indexes for table `users`
--
ALTER TABLE `users`
  ADD PRIMARY KEY (`id`),
  ADD UNIQUE KEY `users_email_unique` (`email`);

--
-- AUTO_INCREMENT for dumped tables
--

--
-- AUTO_INCREMENT for table `failed_jobs`
--
ALTER TABLE `failed_jobs`
  MODIFY `id` bigint(20) UNSIGNED NOT NULL AUTO_INCREMENT;

--
-- AUTO_INCREMENT for table `migrations`
--
ALTER TABLE `migrations`
  MODIFY `id` int(10) UNSIGNED NOT NULL AUTO_INCREMENT, AUTO_INCREMENT=12;

--
-- AUTO_INCREMENT for table `oauth_clients`
--
ALTER TABLE `oauth_clients`
  MODIFY `id` bigint(20) UNSIGNED NOT NULL AUTO_INCREMENT, AUTO_INCREMENT=3;

--
-- AUTO_INCREMENT for table `oauth_personal_access_clients`
--
ALTER TABLE `oauth_personal_access_clients`
  MODIFY `id` bigint(20) UNSIGNED NOT NULL AUTO_INCREMENT, AUTO_INCREMENT=2;

--
-- AUTO_INCREMENT for table `personal_access_tokens`
--
ALTER TABLE `personal_access_tokens`
  MODIFY `id` bigint(20) UNSIGNED NOT NULL AUTO_INCREMENT;

--
-- AUTO_INCREMENT for table `products`
--
ALTER TABLE `products`
  MODIFY `id` int(10) UNSIGNED NOT NULL AUTO_INCREMENT, AUTO_INCREMENT=151;

--
-- AUTO_INCREMENT for table `reviews`
--
ALTER TABLE `reviews`
  MODIFY `id` int(10) UNSIGNED NOT NULL AUTO_INCREMENT, AUTO_INCREMENT=303;

--
-- AUTO_INCREMENT for table `users`
--
ALTER TABLE `users`
  MODIFY `id` bigint(20) UNSIGNED NOT NULL AUTO_INCREMENT, AUTO_INCREMENT=62;

--
-- Constraints for dumped tables
--

--
-- Constraints for table `reviews`
--
ALTER TABLE `reviews`
  ADD CONSTRAINT `reviews_product_id_foreign` FOREIGN KEY (`product_id`) REFERENCES `products` (`id`) ON DELETE CASCADE;
COMMIT;

/*!40101 SET CHARACTER_SET_CLIENT=@OLD_CHARACTER_SET_CLIENT */;
/*!40101 SET CHARACTER_SET_RESULTS=@OLD_CHARACTER_SET_RESULTS */;
/*!40101 SET COLLATION_CONNECTION=@OLD_COLLATION_CONNECTION */;
